id,date,price,bedrooms,bathrooms,sqft_living,sqft_lot,floors,waterfront,view,condition,grade,sqft_above,sqft_basement,yr_built,yr_renovated,zipcode,lat,long,sqft_living15,sqft_lot15,age
9297300055,20150124T000000,650000.0,4,3.0,2950,5000,2.0,0,3,3,9,1980,970,1979,0,98126,47.5714,-122.375,2140,4000,36
822039084,20150311T000000,1350000.0,3,2.5,2753,65005,1.0,1,2,5,9,2165,588,1953,0,98070,47.4041,-122.45100000000001,2680,72513,62
3454800060,20150108T000000,171800.0,4,2.0,1570,9600,1.0,0,0,3,6,1570,0,1950,0,98168,47.4965,-122.303,1880,9000,65
8123100045,20150414T000000,470000.0,4,3.0,2380,5125,1.5,0,0,4,7,1680,700,1925,0,98126,47.5384,-122.376,1410,5375,90
3278600320,20140723T000000,465000.0,3,2.5,2150,4084,2.0,0,0,3,8,2150,0,2007,0,98126,47.5488,-122.37200000000001,1750,2385,8
257000138,20150115T000000,280000.0,2,1.0,850,16400,1.0,0,0,3,6,850,0,1923,0,98168,47.4889,-122.29899999999999,1100,14459,92
8150100045,20141001T000000,210000.0,2,1.0,830,6000,1.0,0,0,3,6,830,0,1940,0,98126,47.5308,-122.376,830,4960,75
2123039032,20141027T000000,369900.0,1,0.75,760,10079,1.0,1,4,5,5,760,0,1936,0,98070,47.4683,-122.43799999999999,1230,14267,79
9297300045,20140709T000000,550000.0,3,2.0,1970,4166,2.0,0,3,5,8,1270,700,1929,0,98126,47.5717,-122.375,2390,4166,86
7004200060,20141017T000000,309600.0,4,1.75,1275,20000,1.0,0,0,4,6,1275,0,1991,0,98070,47.3796,-122.49,1660,20000,24
2422029094,20140716T000000,517534.0,2,1.0,833,143947,1.0,0,0,3,5,833,0,2006,0,98070,47.3889,-122.48200000000001,1380,143947,9
2122039094,20141126T000000,705000.0,3,3.0,1970,20978,2.0,1,3,4,9,1770,200,1980,0,98070,47.3844,-122.43799999999999,2280,75396,35
1723049270,20150107T000000,340500.0,3,2.0,2270,28025,1.0,0,0,4,7,1920,350,1947,0,98168,47.4857,-122.318,1770,14833,68
66000070,20150406T000000,315000.0,2,1.0,630,6550,1.0,0,0,3,5,630,0,1918,0,98126,47.5486,-122.38,1420,6550,97
7453000070,20140818T000000,275000.0,2,1.0,940,5000,1.0,0,0,3,6,940,0,1951,0,98126,47.5186,-122.374,940,5000,64
5000500055,20140528T000000,215000.0,2,1.0,1320,8865,1.0,0,0,4,6,1320,0,1943,0,98168,47.4949,-122.3,1190,6490,72
8018600765,20140604T000000,240500.0,3,1.75,1460,10584,1.0,0,0,3,7,990,470,1997,0,98168,47.492,-122.31700000000001,1220,12012,18
3278600240,20140722T000000,372500.0,2,2.5,1400,2958,2.0,0,0,3,8,1400,0,2007,0,98126,47.5496,-122.37299999999999,1540,2385,8
2324039036,20150403T000000,597500.0,3,2.0,2150,5400,1.5,0,0,4,7,1380,770,1911,0,98126,47.555,-122.37899999999999,1940,6500,104
1932300075,20140910T000000,245000.0,2,1.0,1050,5900,1.0,0,0,3,7,1050,0,1950,0,98126,47.5326,-122.376,1280,5900,65
2612000390,20140615T000000,269950.0,3,2.5,1890,4838,2.0,0,0,3,8,1730,160,2002,0,98168,47.4802,-122.279,1910,7409,13
1446800511,20141009T000000,249950.0,4,1.0,1330,7980,1.5,0,0,3,6,1330,0,1952,0,98168,47.492,-122.333,1570,8588,63
1623049062,20150304T000000,210000.0,2,1.0,750,34133,1.0,0,0,3,6,750,0,1950,0,98168,47.4781,-122.294,1460,25792,65
4365200860,20140606T000000,385200.0,4,1.0,1550,7740,1.5,0,0,3,6,1550,0,1954,0,98126,47.5222,-122.375,1220,7740,61
1610000016,20140911T000000,175000.0,4,1.0,1300,6030,1.5,0,0,3,6,1300,0,1947,0,98168,47.4778,-122.286,1240,6900,68
2843200070,20141215T000000,282000.0,4,1.75,1660,10725,1.0,0,0,3,7,960,700,1956,0,98168,47.5033,-122.3,1340,9023,59
1723049033,20140620T000000,245000.0,1,0.75,380,15000,1.0,0,0,3,5,380,0,1963,0,98168,47.481,-122.323,1170,15000,52
3826000070,20140515T000000,185000.0,3,1.0,1150,8100,1.0,0,0,3,6,1150,0,1932,0,98168,47.494,-122.307,1120,8100,83
3278600710,20140714T000000,200000.0,1,1.5,1010,1157,2.0,0,0,3,8,950,60,2007,0,98126,47.5492,-122.37200000000001,1360,1688,8
9297301580,20140516T000000,451000.0,3,1.75,1560,4049,1.5,0,2,3,7,1000,560,1926,0,98126,47.5666,-122.375,1430,3738,89
5489200435,20140904T000000,550000.0,4,3.0,2670,5000,2.0,0,2,3,7,2670,0,1916,1978,98126,47.5784,-122.37700000000001,2300,5000,99
316000160,20140821T000000,260000.0,3,1.0,1480,7469,1.5,0,0,3,6,1120,360,1940,0,98168,47.5048,-122.301,1460,7379,75
2695600505,20150413T000000,399000.0,4,1.0,1500,6388,1.5,0,0,4,7,1500,0,1951,0,98126,47.5303,-122.37799999999999,980,5366,64
1623049214,20140926T000000,283000.0,4,1.5,1480,47045,1.0,0,0,5,6,1480,0,1942,0,98168,47.4809,-122.3,1530,11000,73
37000335,20140814T000000,446450.0,3,1.5,1480,7749,1.0,0,0,5,7,1480,0,1960,0,98126,47.5144,-122.37899999999999,1140,5320,55
6099400030,20150114T000000,320000.0,3,1.75,2300,41900,1.0,0,0,4,8,1310,990,1939,0,98168,47.477,-122.292,1160,8547,76
1782000160,20140530T000000,356700.0,2,1.0,1090,5000,1.0,0,0,4,7,730,360,1942,0,98126,47.5258,-122.37799999999999,990,5250,73
3509600070,20140725T000000,225000.0,3,1.5,1370,9000,1.0,0,0,3,7,1370,0,1962,0,98168,47.4973,-122.32799999999999,1400,9075,53
3278604400,20140602T000000,285000.0,2,2.5,1380,1073,2.0,0,0,3,7,1140,240,2011,0,98126,47.5462,-122.369,1580,2036,4
7258200055,20150206T000000,262000.0,4,2.5,1560,7800,2.0,0,0,3,7,1560,0,1997,0,98168,47.513999999999996,-122.316,1160,7800,18
3523029041,20141009T000000,290000.0,2,0.75,440,8313,1.0,1,3,4,5,440,0,1943,0,98070,47.4339,-122.512,880,26289,72
6398000171,20140710T000000,545000.0,2,2.0,2930,14057,1.0,0,2,4,8,1680,1250,1980,0,98070,47.4025,-122.463,2234,61011,35
3826000560,20141002T000000,173000.0,2,1.0,1740,8100,1.0,0,0,3,6,1050,690,1947,0,98168,47.4942,-122.304,960,8100,68
5166700055,20150504T000000,645000.0,4,2.75,2340,6350,1.0,0,0,4,7,1310,1030,1974,0,98126,47.5559,-122.37899999999999,2020,6350,41
3365900465,20150219T000000,170000.0,3,1.5,1370,10176,1.0,0,0,3,6,1370,0,1947,0,98168,47.4738,-122.26299999999999,1650,10176,68
5341600030,20140509T000000,255000.0,2,1.0,960,28717,1.0,0,0,4,6,960,0,1984,0,98070,47.3356,-122.50200000000001,1860,28717,31
2492200435,20140606T000000,389250.0,2,1.5,1490,4080,1.0,0,0,3,7,930,560,1956,0,98126,47.5344,-122.381,1320,4080,59
1823039205,20140624T000000,585000.0,3,2.5,2270,100545,2.0,0,0,3,8,2270,0,1998,0,98070,47.4815,-122.47,1277,100545,17
2695600070,20140818T000000,345000.0,2,1.0,1350,4494,1.0,0,0,3,7,920,430,1949,0,98126,47.5315,-122.38,1470,5225,66
952000055,20150206T000000,530000.0,3,1.0,1500,5750,1.5,0,0,4,7,1050,450,1927,0,98126,47.5677,-122.376,1500,5060,88
133000135,20141120T000000,290000.0,4,1.75,1990,18900,2.0,0,0,4,7,1870,120,1929,0,98168,47.5131,-122.31299999999999,1710,12400,86
8888000055,20141230T000000,530000.0,3,0.75,920,20412,1.0,1,2,5,6,920,0,1950,0,98070,47.4781,-122.49,1162,54705,65
952003435,20140826T000000,420000.0,2,1.0,820,4025,1.0,0,2,5,6,820,0,1922,0,98126,47.5649,-122.38,1410,5750,93
2960900045,20140718T000000,605000.0,3,1.75,2330,6000,1.5,0,0,4,7,1630,700,1940,0,98126,47.5765,-122.37799999999999,1600,4000,75
8019200030,20140926T000000,300000.0,3,1.5,1500,14750,1.5,0,0,4,6,1500,0,1933,0,98168,47.495,-122.318,1270,15100,82
7454000295,20150130T000000,245000.0,2,1.0,710,6322,1.0,0,0,3,6,710,0,1942,0,98126,47.5165,-122.376,740,6720,73
6082400152,20150304T000000,325000.0,3,2.25,1890,9646,1.0,0,0,3,8,1890,0,1966,0,98168,47.4838,-122.29899999999999,1580,9488,49
6082400260,20141112T000000,231500.0,2,1.0,1200,9488,1.0,0,0,5,7,1200,0,1941,0,98168,47.4832,-122.29899999999999,1200,9488,74
65000260,20140820T000000,830000.0,3,2.5,3370,6550,2.0,0,2,4,8,2840,530,1912,2001,98126,47.5442,-122.38,1500,6550,103
2923039017,20140717T000000,510000.0,2,1.75,1210,131115,1.5,0,0,5,7,1210,0,1950,0,98070,47.4599,-122.45,2020,185565,65
2492200335,20150423T000000,901000.0,4,3.25,1560,4080,1.0,0,0,3,7,1560,0,1916,0,98126,47.5347,-122.38,1370,4080,99
795001600,20141125T000000,340000.0,3,1.0,1710,10190,1.0,0,0,3,6,1310,400,1949,0,98168,47.506,-122.331,1200,6251,66
8150100240,20150218T000000,265000.0,2,1.0,620,4760,1.0,0,0,3,6,620,0,1941,0,98126,47.5286,-122.376,620,4760,74
1922039062,20150420T000000,480000.0,2,1.5,1008,26487,1.0,1,4,4,6,1008,0,1943,2002,98070,47.3853,-122.479,1132,24079,72
4319200505,20140617T000000,560000.0,5,1.0,1710,9100,1.5,0,0,4,7,1320,390,1926,0,98126,47.5379,-122.37799999999999,1880,9100,89
5347200160,20140512T000000,235000.0,1,1.0,810,2451,1.0,0,0,5,7,810,0,1941,0,98126,47.5188,-122.376,980,1198,74
9269200786,20140722T000000,399950.0,4,1.5,1850,6125,1.5,0,0,3,6,1110,740,1945,0,98126,47.5352,-122.37,990,6125,70
8122101146,20140929T000000,320000.0,2,1.0,710,5200,1.0,0,2,4,6,710,0,1942,0,98126,47.5376,-122.37100000000001,1610,5200,73
7452500045,20140805T000000,235000.0,2,1.0,870,5000,1.0,0,0,3,6,870,0,1949,0,98126,47.5186,-122.375,820,5000,66
257000105,20140520T000000,192500.0,2,1.0,950,7692,1.0,0,0,3,6,950,0,1926,0,98168,47.4909,-122.29799999999999,1820,8221,89
8701600510,20150414T000000,700000.0,2,1.5,1850,4945,1.5,0,2,4,7,1850,0,1907,1969,98126,47.5742,-122.37899999999999,1850,4950,108
6083000083,20140611T000000,248000.0,5,1.5,1510,9078,1.0,0,0,4,7,1510,0,1959,0,98168,47.4852,-122.305,1480,9078,56
1623049041,20140508T000000,82500.0,2,1.0,520,22334,1.0,0,0,2,5,520,0,1951,0,98168,47.4799,-122.296,1572,10570,64
8018600640,20140918T000000,275000.0,4,1.0,1340,22500,1.5,0,0,3,7,1340,0,1926,0,98168,47.489,-122.316,1620,10800,89
2817100570,20140627T000000,453000.0,4,2.75,2300,37533,1.0,0,3,5,8,1550,750,1979,0,98070,47.3714,-122.431,2130,10092,36
6620400631,20140709T000000,284000.0,4,1.75,1880,8800,1.0,0,0,3,7,1130,750,1960,0,98168,47.5137,-122.333,1340,8733,55
4364700105,20140804T000000,330000.0,3,1.0,1030,7620,1.0,0,0,3,7,1030,0,1953,0,98126,47.5281,-122.375,1030,7560,62
7454000030,20140816T000000,250000.0,2,1.0,740,6840,1.0,0,0,5,6,740,0,1942,0,98126,47.5172,-122.375,740,6840,73
6099400140,20140904T000000,230000.0,5,1.0,1920,19040,1.0,0,0,3,7,1160,760,1961,0,98168,47.4756,-122.294,1920,11520,54
3623029045,20140925T000000,482000.0,3,1.75,2600,105587,1.0,0,0,4,7,1300,1300,1980,0,98070,47.4464,-122.49700000000001,1941,208438,35
798000342,20140815T000000,300000.0,3,2.5,1830,12750,2.0,0,0,3,7,1830,0,1991,0,98168,47.5003,-122.32799999999999,1610,10000,24
3278601940,20140806T000000,349950.0,2,3.25,1570,2031,2.0,0,0,3,8,1310,260,2006,0,98126,47.548,-122.375,1570,2039,9
1781500435,20140820T000000,260000.0,3,1.75,1580,7344,1.0,0,0,5,7,1580,0,1911,0,98126,47.5256,-122.38,1580,6207,104
1781500435,20150225T000000,575000.0,3,1.75,1580,7344,1.0,0,0,5,7,1580,0,1911,0,98126,47.5256,-122.38,1580,6207,104
133000070,20140916T000000,179900.0,2,1.0,680,6400,1.0,0,0,3,6,680,0,1943,0,98168,47.5136,-122.316,1240,7800,72
6082400083,20150430T000000,166000.0,3,1.0,1010,11675,1.0,0,0,3,7,1010,0,1957,0,98168,47.4849,-122.301,1370,10042,58
7645900055,20140624T000000,530000.0,2,1.5,1580,3680,1.0,0,2,3,8,1280,300,1941,0,98126,47.5762,-122.37700000000001,1730,3680,74
7452500340,20141204T000000,265000.0,3,1.0,1080,4930,1.0,0,0,3,6,1080,0,1950,0,98126,47.5209,-122.374,1100,5950,65
2023049350,20150410T000000,305000.0,3,1.5,1480,9086,1.0,0,0,3,7,1480,0,1962,0,98168,47.4717,-122.323,1540,9750,53
985001266,20141215T000000,250000.0,3,1.5,2210,11111,1.5,0,0,3,7,2210,0,1934,0,98168,47.492,-122.309,1250,8422,81
7340600827,20140516T000000,239950.0,5,1.0,1460,6032,2.0,0,0,4,6,1460,0,1941,0,98168,47.486999999999995,-122.28200000000001,1060,10300,74
795000885,20141001T000000,283000.0,3,1.0,1740,5247,1.0,0,0,3,7,1270,470,1947,0,98168,47.5049,-122.329,1070,5636,68
4245400045,20140923T000000,234500.0,3,1.75,1310,18400,1.0,0,0,3,7,870,440,1954,0,98168,47.5035,-122.302,1840,10790,61
123039633,20140909T000000,359950.0,3,1.75,1570,6975,1.0,0,0,3,7,1040,530,1979,0,98126,47.5137,-122.37,1280,7813,36
5347200060,20140909T000000,280000.0,2,1.0,1260,4800,1.0,0,0,3,6,1100,160,1947,0,98126,47.5196,-122.376,1260,2435,68
9285800735,20140812T000000,406650.0,2,1.0,1070,6100,1.0,0,0,3,6,1070,0,1940,0,98126,47.5698,-122.37700000000001,1770,5695,75
2788400315,20140922T000000,265000.0,3,1.0,1400,9460,1.0,0,0,3,7,1060,340,1961,0,98168,47.5119,-122.321,1570,7700,54
2322029048,20141119T000000,999000.0,3,2.75,2830,505166,1.0,1,3,4,8,1830,1000,1962,0,98070,47.3782,-122.514,2120,21988,53
1446801030,20140822T000000,220000.0,4,1.75,1660,11664,1.0,0,0,3,6,1010,650,1952,0,98168,47.4943,-122.331,1670,9975,63
3278602670,20140930T000000,219500.0,1,1.0,820,1060,1.0,0,0,3,8,760,60,2007,0,98126,47.5473,-122.37100000000001,1770,1924,8
3625049014,20140829T000000,2950000.0,4,3.5,4860,23885,2.0,0,0,3,12,4860,0,1996,0,98039,47.6172,-122.23,3580,16054,19
123039313,20150410T000000,425000.0,4,2.5,1920,9000,2.0,0,0,2,7,1920,0,1989,0,98126,47.5153,-122.37,1530,10474,26
9297800165,20141211T000000,430000.0,4,2.25,2020,4840,1.5,0,0,5,8,1200,820,1925,0,98126,47.5576,-122.376,1410,4840,90
8122100690,20140623T000000,449000.0,4,2.5,1850,5040,1.0,0,0,3,7,1230,620,1930,2013,98126,47.5386,-122.37299999999999,1010,5040,85
7454000110,20150127T000000,202000.0,2,1.0,670,7844,1.0,0,0,3,6,670,0,1942,0,98126,47.5165,-122.37200000000001,740,7218,73
9358001566,20150213T000000,400000.0,2,2.5,1410,1281,2.0,0,0,3,8,1090,320,2008,0,98126,47.5659,-122.37,1410,2550,7
8864000735,20140709T000000,275000.0,4,2.0,2030,8426,2.0,0,0,3,7,2030,0,1944,0,98168,47.4806,-122.287,1190,7007,71
7452500315,20141220T000000,285000.0,2,1.0,1210,4895,1.0,0,0,3,6,710,500,1951,0,98126,47.5202,-122.37299999999999,1100,6000,64
952003480,20141117T000000,445000.0,4,1.0,1460,4600,1.0,0,2,3,6,780,680,1946,0,98126,47.566,-122.38,1560,4600,69
3123039089,20140715T000000,252000.0,2,1.0,940,15450,1.0,0,0,4,6,940,0,1926,0,98070,47.4408,-122.461,1370,34820,89
6083000037,20140613T000000,230000.0,2,1.0,930,7550,1.0,0,0,3,6,930,0,1986,0,98168,47.4866,-122.303,1370,10176,29
4171200025,20150327T000000,299950.0,3,1.5,1940,8951,1.0,0,0,3,7,1300,640,1958,0,98168,47.473,-122.32799999999999,2000,8319,57
798000535,20140625T000000,308000.0,3,1.0,1640,18144,1.5,0,0,3,6,1640,0,1942,0,98168,47.5027,-122.33,1500,9065,73
9842300485,20150311T000000,380000.0,2,1.0,1040,7372,1.0,0,0,5,7,840,200,1939,0,98126,47.5285,-122.37799999999999,1930,5150,76
952003350,20150204T000000,507250.0,3,1.75,1400,5750,1.0,0,2,3,6,1100,300,1915,0,98126,47.5659,-122.38,1500,5175,100
4364700805,20141015T000000,315000.0,1,1.0,580,7200,1.0,0,0,3,6,580,0,2000,0,98126,47.5249,-122.37299999999999,1360,7560,15
8122600245,20140925T000000,359000.0,4,1.75,1580,6396,1.0,0,0,4,6,790,790,1945,0,98126,47.5378,-122.369,1180,6396,70
6099400053,20140529T000000,145000.0,3,1.0,1010,5490,1.0,0,0,3,6,1010,0,1954,0,98168,47.4762,-122.29299999999999,1740,10658,61
3278602760,20150203T000000,369900.0,2,2.5,1770,1853,3.0,0,0,3,8,1770,0,2007,0,98126,47.5472,-122.37100000000001,1770,1924,8
1446403835,20141103T000000,189000.0,2,1.0,790,7128,1.0,0,0,3,6,790,0,1944,0,98168,47.4873,-122.324,1110,7150,71
3023039066,20150323T000000,329500.0,3,1.0,1810,13068,1.0,0,0,4,7,1360,450,1941,0,98070,47.4482,-122.462,1400,13068,74
1446401220,20141009T000000,226950.0,2,1.0,930,6600,1.0,0,0,3,6,930,0,1957,0,98168,47.4868,-122.33,1250,6600,58
7987400356,20140512T000000,255000.0,2,1.0,1220,2500,1.0,0,0,3,6,770,450,1910,0,98126,47.5727,-122.37200000000001,1540,3000,105
2817100900,20140519T000000,256500.0,2,1.0,1120,9912,1.0,0,0,4,6,1120,0,1980,0,98070,47.3735,-122.43,1540,9750,35
2617370090,20141019T000000,338500.0,3,1.75,2130,5489,1.0,0,0,3,8,1370,760,1999,0,98070,47.4489,-122.456,1750,7200,16
798000337,20140731T000000,325000.0,4,1.75,1950,12500,1.0,0,0,3,7,1330,620,1963,0,98168,47.4999,-122.32700000000001,1760,11520,52
7348200115,20140619T000000,200000.0,3,1.5,1140,8340,1.0,0,0,3,7,1140,0,1960,0,98168,47.4773,-122.28,1140,8340,55
1446401460,20150422T000000,122000.0,2,1.0,760,5280,1.0,0,0,3,6,760,0,1946,0,98168,47.483000000000004,-122.33,1710,6594,69
2489200165,20140807T000000,435000.0,3,1.0,1050,5500,1.0,0,0,3,6,930,120,1920,0,98126,47.5402,-122.38,1410,5834,95
952003585,20150209T000000,866500.0,4,3.5,3080,4945,2.0,0,0,3,9,2010,1070,2014,0,98126,47.5662,-122.37899999999999,1220,4945,1
9297301015,20150408T000000,277284.0,3,1.75,1030,4800,1.0,0,0,3,6,930,100,1927,0,98126,47.566,-122.37299999999999,1540,4800,88
1523049209,20141113T000000,205000.0,3,1.0,1130,7014,1.0,0,0,3,7,1130,0,1954,0,98168,47.4743,-122.274,1440,9350,61
2540700110,20150212T000000,1905000.0,4,3.5,4210,18564,2.0,0,0,3,11,4210,0,2001,0,98039,47.6206,-122.225,3520,18564,14
1523049188,20150430T000000,84000.0,2,1.0,700,20130,1.0,0,0,3,6,700,0,1949,0,98168,47.4752,-122.271,1490,18630,66
9284802215,20141205T000000,430000.0,5,3.0,2500,5750,1.0,0,0,3,8,1430,1070,1999,0,98126,47.551,-122.369,1980,7130,16
8550001515,20141001T000000,429592.0,2,2.75,1992,10946,1.5,1,4,5,6,1288,704,1903,0,98070,47.3551,-122.475,1110,8328,112
9275702350,20141222T000000,790000.0,3,1.5,2390,4452,2.0,0,1,3,9,1790,600,1929,0,98126,47.5826,-122.37799999999999,2610,5000,86
293000165,20140819T000000,442000.0,3,1.5,2050,6384,1.0,0,0,3,7,1350,700,1958,0,98126,47.5325,-122.37799999999999,1590,7214,57
4364700600,20141216T000000,216000.0,3,1.0,1010,7920,1.0,0,0,3,6,1010,0,1925,0,98126,47.5249,-122.37,1520,7560,90
4364700600,20150330T000000,390000.0,3,1.0,1010,7920,1.0,0,0,3,6,1010,0,1925,0,98126,47.5249,-122.37,1520,7560,90
795000820,20150406T000000,220000.0,2,1.0,840,9000,1.0,0,0,5,6,840,0,1951,0,98168,47.5033,-122.329,1350,10400,64
2414600195,20140721T000000,210000.0,3,1.0,1520,8600,1.0,0,0,3,6,1040,480,1951,0,98168,47.5134,-122.335,1320,8600,64
9285800755,20140714T000000,515000.0,3,2.5,1540,6100,1.0,0,0,3,6,770,770,1944,2014,98126,47.5696,-122.37799999999999,1710,5950,71
1269200229,20140723T000000,1379900.0,3,3.25,3786,38038,1.0,1,4,3,9,1934,1852,1978,2006,98070,47.3907,-122.448,2850,33361,37
2023039160,20150423T000000,525000.0,4,2.25,2620,98881,1.0,0,0,3,7,1820,800,1952,0,98070,47.4662,-122.45299999999999,1728,95832,63
3278602490,20140926T000000,365000.0,3,2.5,1780,1754,3.0,0,0,3,8,1780,0,2007,0,98126,47.548,-122.37299999999999,1780,1607,8
3277801450,20150415T000000,390000.0,4,1.0,1140,6250,1.5,0,0,3,6,1140,0,1958,0,98126,47.5433,-122.375,1140,1370,57
9297301055,20141209T000000,363000.0,2,1.0,1120,4800,1.0,0,0,3,7,770,350,1926,0,98126,47.5669,-122.37200000000001,1510,4800,89
1446400785,20150422T000000,228950.0,3,1.0,1120,6625,1.0,0,0,3,6,1120,0,1942,0,98168,47.4879,-122.33200000000001,1120,6794,73
3262300940,20141107T000000,875000.0,3,1.0,1220,8119,1.0,0,0,4,7,1220,0,1955,0,98039,47.6328,-122.236,1910,8119,60
3262300940,20150210T000000,940000.0,3,1.0,1220,8119,1.0,0,0,4,7,1220,0,1955,0,98039,47.6328,-122.236,1910,8119,60
985001015,20140604T000000,135000.0,1,1.0,790,13062,1.0,0,0,3,6,790,0,1942,0,98168,47.4919,-122.311,1240,7137,73
985000900,20141105T000000,198500.0,3,1.75,1520,7137,1.0,0,0,3,5,1520,0,1932,0,98168,47.4924,-122.311,1240,8602,83
952004875,20140602T000000,661000.0,4,2.25,1990,4600,1.5,0,2,4,8,1420,570,1932,0,98126,47.5638,-122.38,1810,5750,83
9358002305,20150313T000000,430000.0,2,1.0,950,6426,1.0,0,0,3,7,950,0,1949,0,98126,47.5653,-122.37,1360,2550,66
6447300265,20141014T000000,4000000.0,4,5.5,7080,16573,2.0,0,0,3,12,5760,1320,2008,0,98039,47.6151,-122.22399999999999,3140,15996,7
2235000015,20140804T000000,260600.0,2,1.0,810,4560,1.0,0,0,3,7,810,0,1928,0,98126,47.5425,-122.376,1490,4560,87
2349300090,20140516T000000,340000.0,3,1.0,1250,4800,1.0,0,0,4,7,1250,0,1951,0,98126,47.5517,-122.381,1404,4800,64
7345600755,20140707T000000,360000.0,3,1.5,1800,22000,2.0,0,0,3,8,1800,0,1931,0,98168,47.4889,-122.286,1440,16640,84
798000457,20150302T000000,235000.0,3,1.0,1310,15022,1.0,0,0,3,7,1310,0,1934,1984,98168,47.5008,-122.33200000000001,1530,13154,81
952004745,20150304T000000,400800.0,4,1.0,1070,5750,1.0,0,0,3,6,870,200,1923,0,98126,47.56399999999999,-122.37899999999999,1270,5750,92
8887001140,20140723T000000,562000.0,3,3.0,3290,80471,2.0,0,2,4,8,2330,960,1975,0,98070,47.504,-122.464,1830,30494,40
2492200956,20140805T000000,360000.0,3,1.5,1170,4080,1.0,0,0,5,6,1170,0,1917,0,98126,47.5338,-122.381,920,4242,98
2423029245,20140617T000000,550000.0,3,1.75,2240,78225,2.0,0,0,5,8,2240,0,1976,0,98070,47.4638,-122.484,2030,202554,39
2123049175,20141210T000000,235000.0,3,1.5,1980,11214,1.0,0,0,3,7,1980,0,1959,0,98168,47.4696,-122.29799999999999,1510,9072,56
9285800590,20150309T000000,565000.0,3,1.0,1610,4108,1.5,0,0,5,7,1610,0,1928,0,98126,47.5704,-122.376,1680,4467,87
2470100110,20140804T000000,5570000.0,5,5.75,9200,35069,2.0,0,0,3,13,6200,3000,2001,0,98039,47.6289,-122.23299999999999,3560,24345,14
3874900090,20150326T000000,448000.0,2,2.0,1670,7772,1.0,0,0,4,6,860,810,1919,0,98126,47.5461,-122.37700000000001,1300,7770,96
2695600195,20141124T000000,379500.0,2,1.0,960,5096,1.0,0,0,5,7,960,0,1949,0,98126,47.5314,-122.37799999999999,1760,4488,66
1723049567,20140730T000000,150000.0,3,1.0,1320,24684,1.0,0,0,3,7,1320,0,1979,0,98168,47.4771,-122.322,1120,21214,36
3223039013,20140718T000000,567035.0,3,2.0,2064,46173,2.0,0,0,5,7,2064,0,1903,0,98070,47.4469,-122.455,1640,21780,112
2522029039,20140929T000000,550000.0,3,2.0,3650,843309,2.0,0,0,4,7,3650,0,1991,0,98070,47.3627,-122.49600000000001,1870,273992,24
4270600025,20140513T000000,245000.0,5,1.75,2020,7902,1.0,0,0,3,7,1220,800,1962,0,98168,47.51,-122.32700000000001,2220,8819,53
423049067,20150205T000000,160000.0,2,1.0,930,7742,1.0,0,0,3,6,930,0,1933,0,98168,47.507,-122.302,2240,8723,82
7460000015,20140620T000000,203000.0,3,1.0,1150,7156,1.0,0,0,4,6,1150,0,1953,0,98168,47.4864,-122.31700000000001,1210,7156,62
6398000011,20140602T000000,789000.0,3,3.0,3740,39640,2.0,0,2,3,10,3740,0,1991,0,98070,47.4036,-122.462,2930,26136,24
3522029031,20140516T000000,363750.0,3,1.75,1726,197326,2.0,0,0,4,7,1726,0,1982,0,98070,47.3484,-122.505,2114,99316,33
9297300740,20141118T000000,643500.0,6,5.25,3600,3960,2.0,0,0,3,7,2400,1200,1971,0,98126,47.5656,-122.37200000000001,1450,4600,44
3523029059,20140731T000000,181000.0,2,1.5,1560,10807,1.0,0,0,2,7,1560,0,1949,0,98070,47.4444,-122.509,1660,196591,66
7645900165,20141016T000000,810000.0,4,1.0,2150,3588,2.0,0,3,4,8,1850,300,1926,0,98126,47.5767,-122.37799999999999,1950,3588,89
2023049245,20140820T000000,296000.0,4,1.5,1370,9750,1.0,0,0,3,7,1070,300,1953,0,98168,47.4718,-122.323,1540,9789,62
7348200195,20141209T000000,173250.0,3,1.0,990,12696,1.5,0,0,3,7,990,0,1936,0,98168,47.4776,-122.279,1260,8937,79
2695600375,20141110T000000,354000.0,2,1.0,850,5225,1.0,0,0,3,7,850,0,1949,0,98126,47.5311,-122.38,1230,5225,66
4319200820,20150122T000000,333000.0,3,1.0,950,5214,1.0,0,0,3,7,830,120,1944,0,98126,47.5362,-122.37899999999999,1490,7636,71
5166700050,20150211T000000,600000.0,5,2.25,2760,6350,1.0,0,0,3,7,1380,1380,1958,0,98126,47.5561,-122.37899999999999,2060,6342,57
2210500019,20150324T000000,937500.0,3,1.0,1320,8500,1.0,0,0,4,7,1320,0,1954,0,98039,47.6187,-122.226,2790,10800,61
7366100080,20140731T000000,318000.0,5,2.5,2820,9956,1.0,0,0,4,7,1410,1410,1967,0,98168,47.4715,-122.33,2700,9956,48
9297301495,20150203T000000,440000.0,3,2.5,2160,3738,2.0,0,0,3,8,2160,0,1994,0,98126,47.5661,-122.375,1500,4000,21
121029034,20140624T000000,549000.0,2,1.0,2034,13392,1.0,1,4,5,7,1159,875,1947,0,98070,47.3312,-122.50299999999999,1156,15961,68
2123049420,20150422T000000,278000.0,3,1.5,1900,9994,1.0,0,0,3,7,1120,780,1960,0,98168,47.4729,-122.301,1900,9994,55
9572000080,20140616T000000,300000.0,5,3.0,1940,6355,1.0,0,0,3,8,1200,740,2007,0,98168,47.498000000000005,-122.322,1940,5033,8
3277801640,20141202T000000,440000.0,4,1.5,1690,3245,1.5,0,0,3,8,1690,0,1929,0,98126,47.5445,-122.375,1380,1590,86
8864000440,20140925T000000,225000.0,3,1.0,900,6099,1.0,0,0,3,6,790,110,1944,0,98168,47.4807,-122.289,1240,6099,71
7454000605,20140710T000000,279000.0,2,1.0,670,6300,1.0,0,0,5,6,670,0,1942,0,98126,47.5161,-122.374,760,6300,73
9285800345,20140626T000000,320000.0,2,1.0,950,5316,1.0,0,2,3,7,950,0,1948,0,98126,47.57,-122.38,1620,6085,67
8122100130,20140618T000000,415000.0,3,1.75,1270,4800,1.0,0,0,3,7,1270,0,1952,2014,98126,47.5362,-122.376,1220,4800,63
8128700005,20141119T000000,249000.0,4,1.0,1200,7552,1.0,0,0,3,6,1060,140,1919,0,98126,47.5317,-122.37,1580,7680,96
3826000470,20140929T000000,232000.0,2,1.0,960,8100,1.0,0,0,3,6,810,150,1936,0,98168,47.494,-122.304,960,12150,79
6447300345,20150406T000000,1160000.0,4,3.0,2680,15438,2.0,0,2,3,8,2680,0,1902,1956,98039,47.6109,-122.226,4480,14406,113
9285800275,20140814T000000,835000.0,3,2.25,2520,6690,2.0,0,2,5,8,1700,820,1944,1990,98126,47.5705,-122.381,1990,5792,71
2817100430,20150511T000000,389000.0,3,2.0,2080,12972,1.0,0,0,4,7,1250,830,1981,0,98070,47.3733,-122.432,1530,10089,34
923049323,20140714T000000,239000.0,4,1.0,1280,8316,1.0,0,0,3,6,1280,0,1950,0,98168,47.4989,-122.302,1310,7830,65
1782000130,20140523T000000,383000.0,3,1.0,1800,5612,1.0,0,0,4,7,1200,600,1942,0,98126,47.525,-122.37799999999999,1450,5250,73
3123039063,20140908T000000,303000.0,2,1.0,1100,27007,1.0,0,0,4,6,1100,0,1943,0,98070,47.4471,-122.473,1746,91476,72
7645900235,20140710T000000,880000.0,6,2.5,2640,3680,2.0,0,0,5,8,1760,880,1922,0,98126,47.5771,-122.38,1960,3680,93
6447300225,20141106T000000,1880000.0,3,2.75,2620,17919,1.0,0,1,4,9,2620,0,1949,0,98039,47.6144,-122.228,3400,14400,66
2491200675,20140912T000000,500000.0,3,2.0,1550,6394,1.5,0,0,5,8,1550,0,1918,0,98126,47.5222,-122.37899999999999,1440,6387,97
2923039217,20140610T000000,350000.0,2,0.75,1392,43710,1.5,0,0,4,7,1392,0,1978,0,98070,47.4491,-122.45299999999999,1640,99316,37
4365200895,20150417T000000,364000.0,4,1.0,1210,7740,1.5,0,0,3,7,1210,0,1922,0,98126,47.5216,-122.374,1100,7740,93
8122100290,20140813T000000,392000.0,2,1.5,940,5000,1.0,0,0,4,7,810,130,1925,0,98126,47.5375,-122.374,940,5026,90
1446800660,20150316T000000,276500.0,4,1.75,1400,6650,1.5,0,0,4,6,1400,0,1942,0,98168,47.4888,-122.33200000000001,1120,8645,73
9297300255,20140716T000000,565000.0,3,3.0,2110,4000,1.0,0,2,4,7,1110,1000,1965,0,98126,47.5696,-122.375,1730,4000,50
8864000250,20140827T000000,150550.0,4,1.0,1470,6061,1.5,0,0,3,7,1470,0,1945,0,98168,47.4819,-122.289,1230,6175,70
9577800005,20141022T000000,775000.0,3,2.5,2780,5467,2.0,0,2,3,9,2780,0,2000,0,98126,47.5791,-122.37799999999999,2630,5000,15
3361401025,20141126T000000,207000.0,2,1.0,1130,8160,1.0,0,0,4,6,1130,0,1952,0,98168,47.4997,-122.31700000000001,1060,6120,63
2824600290,20150403T000000,605000.0,3,1.75,2100,5058,1.0,0,2,3,7,1340,760,1941,0,98126,47.5743,-122.37799999999999,1640,5000,74
2525049148,20141007T000000,3418800.0,5,5.0,5450,20412,2.0,0,0,3,11,5450,0,2014,0,98039,47.6209,-122.23700000000001,3160,17825,1
4364200250,20141201T000000,400375.0,4,1.75,1690,7680,1.0,0,0,5,6,890,800,1946,0,98126,47.5296,-122.375,1060,7680,69
9358002375,20150305T000000,420000.0,6,3.0,2290,6344,2.0,0,0,3,7,2290,0,1980,0,98126,47.565,-122.37,1360,3202,35
8887001640,20141106T000000,416500.0,4,2.0,2280,39848,2.0,0,0,4,8,2280,0,1991,0,98070,47.5003,-122.465,1900,38472,24
5215200010,20140626T000000,663000.0,3,2.5,2480,37843,1.5,1,3,4,8,2480,0,1974,0,98070,47.4003,-122.42200000000001,2350,42122,41
2316400285,20150513T000000,495000.0,4,3.5,2490,18042,2.0,0,0,3,8,2490,0,2003,0,98070,47.4161,-122.441,1960,21107,12
2123049142,20140814T000000,294000.0,4,2.5,2040,7800,2.0,0,0,3,7,2040,0,2003,0,98168,47.473,-122.29299999999999,1860,10954,12
6911700066,20140604T000000,175000.0,2,1.0,670,2378,1.0,0,0,3,5,670,0,1919,0,98126,47.5769,-122.37200000000001,700,2970,96
222029026,20140917T000000,340000.0,2,0.75,1060,48292,1.0,1,2,5,6,560,500,1947,0,98070,47.4285,-122.51100000000001,750,80201,68
9284801435,20141203T000000,471000.0,4,1.75,1760,5750,1.0,0,2,5,7,1070,690,1962,0,98126,47.5521,-122.37299999999999,1860,5750,53
3624039073,20150319T000000,299950.0,2,1.0,890,5200,1.0,0,0,4,6,890,0,1941,0,98126,47.5311,-122.37299999999999,950,5200,74
40000235,20150414T000000,380000.0,5,2.5,2130,8428,2.0,0,0,3,7,2130,0,2013,0,98168,47.4726,-122.28200000000001,1500,11810,2
952004725,20141106T000000,280000.0,2,1.0,880,5750,1.0,0,0,3,6,880,0,1939,0,98126,47.5642,-122.37899999999999,1190,5750,76
8122100595,20140627T000000,212700.0,2,1.0,940,5040,1.0,0,0,3,7,940,0,1926,0,98126,47.5375,-122.374,940,5040,89
2588800006,20141021T000000,240000.0,3,1.5,1290,8366,1.0,0,0,3,7,1020,270,1957,0,98168,47.4853,-122.318,1770,8400,58
9358002232,20141019T000000,380000.0,3,2.0,1470,1656,2.0,0,0,3,8,1310,160,2003,0,98126,47.5653,-122.369,1470,2288,12
42000130,20140924T000000,600000.0,5,4.5,4440,9784,2.0,0,0,3,10,4440,0,2012,0,98168,47.4702,-122.275,2720,10080,3
8148600020,20140926T000000,170000.0,2,1.0,870,6537,1.0,0,0,3,6,870,0,1948,0,98168,47.4906,-122.306,1100,8701,67
7452500190,20141016T000000,345000.0,3,1.75,710,5050,1.0,0,0,4,6,710,0,1950,0,98126,47.5194,-122.375,900,5050,65
7312400080,20140714T000000,550000.0,3,1.75,1680,4800,1.0,0,0,4,7,1400,280,1960,0,98126,47.5535,-122.37700000000001,1540,5000,55
2817210420,20141114T000000,545000.0,4,3.0,3160,10948,1.0,0,3,3,8,1930,1230,1991,0,98070,47.3733,-122.42200000000001,2380,13623,24
4365200630,20140716T000000,450000.0,2,2.0,1900,7740,1.0,0,0,4,7,1150,750,1923,0,98126,47.5227,-122.37200000000001,1140,7740,92
9284801845,20140805T000000,354000.0,3,1.5,1060,5750,1.0,0,2,4,7,1060,0,1981,0,98126,47.5512,-122.37100000000001,1060,5750,34
2324039069,20140822T000000,463000.0,2,1.0,1250,5650,2.0,0,1,4,7,1250,0,1943,0,98126,47.5495,-122.37700000000001,1210,5650,72
3123039136,20140825T000000,295000.0,3,1.75,1500,15246,1.0,0,0,3,6,1500,0,1925,1998,98070,47.4367,-122.463,1500,16988,90
1446400648,20141106T000000,203000.0,2,1.0,1080,9067,1.0,0,0,3,6,1080,0,1951,0,98168,47.4815,-122.331,1080,6647,64
9109000050,20140709T000000,275000.0,3,1.0,1200,7800,1.0,0,0,4,7,1200,0,1954,0,98126,47.5196,-122.37100000000001,1230,7070,61
7347600507,20140623T000000,235000.0,4,1.75,1450,8891,1.5,0,0,3,7,1180,270,1962,0,98168,47.478,-122.27799999999999,1450,9013,53
9284802045,20140630T000000,345000.0,2,1.0,970,5750,1.0,0,0,4,6,970,0,1932,0,98126,47.5518,-122.37,1650,8625,83
985000950,20150227T000000,217000.0,2,1.0,770,9715,1.0,0,0,4,6,770,0,1942,0,98168,47.4924,-122.31200000000001,1140,9715,73
6083000050,20140613T000000,235000.0,3,1.75,1900,8540,1.0,0,0,3,6,950,950,1980,0,98168,47.4868,-122.303,1370,10204,35
3095000095,20140714T000000,580000.0,3,2.0,2040,4800,1.0,0,0,4,7,1020,1020,1925,0,98126,47.5561,-122.37700000000001,1640,4800,90
3361400190,20150226T000000,190000.0,3,1.0,1040,8910,1.0,0,0,3,6,1040,0,1943,0,98168,47.5024,-122.32,1330,9720,72
3262300235,20141126T000000,1555000.0,5,2.5,2870,16238,2.0,0,0,4,8,2870,0,1962,0,98039,47.6308,-122.238,2870,16238,53
7452500285,20140811T000000,280000.0,2,1.0,720,5000,1.0,0,0,5,6,720,0,1951,0,98126,47.5195,-122.374,810,5000,64
3826000280,20150429T000000,272000.0,3,1.0,1130,8100,1.5,0,0,3,6,1130,0,1934,0,98168,47.4935,-122.306,1080,8100,81
1121000414,20140927T000000,750000.0,4,2.75,3150,6343,1.0,0,3,3,8,1810,1340,1976,0,98126,47.5424,-122.381,2250,6343,39
1446400670,20140731T000000,199950.0,3,1.5,1510,6600,1.0,0,0,3,6,1510,0,1938,0,98168,47.4821,-122.331,990,6600,77
795002455,20150505T000000,261000.0,2,1.0,970,12500,1.0,0,0,3,6,970,0,1941,0,98168,47.5102,-122.33,1280,6250,74
2522029136,20140729T000000,310000.0,3,1.75,1560,82328,1.0,0,0,3,7,1560,0,1974,0,98070,47.3674,-122.50299999999999,2100,205603,41
8886000005,20150309T000000,649000.0,2,2.75,2090,23962,2.0,0,3,4,8,2090,0,1988,0,98070,47.4145,-122.44,1820,32340,27
9297300480,20141212T000000,765000.0,4,3.5,2760,4000,2.0,0,2,3,8,2000,760,1926,2014,98126,47.5687,-122.374,1690,4000,89
2489200250,20150430T000000,528000.0,3,2.0,1560,6300,1.0,0,0,3,7,1560,0,1924,0,98126,47.5407,-122.37899999999999,1620,6300,91
8687800010,20140617T000000,260000.0,3,1.75,1440,12888,1.0,0,2,3,7,1090,350,1958,0,98168,47.471000000000004,-122.262,1710,12888,57
792500190,20140627T000000,410000.0,3,2.0,1400,45738,2.0,0,0,4,8,1400,0,1981,0,98070,47.3624,-122.455,2390,56628,34
1446403145,20150122T000000,170000.0,2,1.0,1240,9900,1.0,0,0,3,7,940,300,1950,0,98168,47.4862,-122.32600000000001,1050,9375,65
1446400725,20140610T000000,165000.0,3,1.0,970,6600,1.0,0,0,3,7,970,0,1965,0,98168,47.4836,-122.33200000000001,1200,6600,50
1446403617,20140702T000000,123000.0,2,1.0,1050,6600,1.5,0,0,3,6,1050,0,1964,0,98168,47.4828,-122.324,1330,6600,51
1446403850,20140916T000000,118125.0,2,1.0,790,7153,1.0,0,0,4,6,790,0,1944,0,98168,47.4869,-122.324,810,7128,71
1446403850,20150114T000000,212000.0,2,1.0,790,7153,1.0,0,0,4,6,790,0,1944,0,98168,47.4869,-122.324,810,7128,71
722039049,20141009T000000,950000.0,4,3.0,3230,438213,2.0,0,0,3,9,3230,0,1999,0,98070,47.4141,-122.47,1600,144619,16
1923039022,20141120T000000,700000.0,2,1.75,1679,577605,2.0,0,0,3,9,1679,0,2001,0,98070,47.463,-122.475,1850,358934,14
9275200080,20141107T000000,295000.0,3,1.5,720,7450,1.0,0,1,1,5,720,0,1924,0,98126,47.583999999999996,-122.375,2600,7360,91
1623049174,20150402T000000,330000.0,4,3.0,1920,12040,1.0,0,0,3,7,1920,0,1962,0,98168,47.4805,-122.301,1530,10230,53
2525049133,20150402T000000,1398000.0,5,2.25,2640,14959,1.0,0,0,4,7,1770,870,1929,0,98039,47.6191,-122.234,3240,17904,86
822039111,20150327T000000,645000.0,3,2.5,2120,196995,1.0,0,1,3,9,2120,0,1997,0,98070,47.4089,-122.459,1304,92423,18
2551500220,20140815T000000,330000.0,3,1.0,1040,11900,1.0,0,0,5,6,1040,0,1972,0,98070,47.4332,-122.446,1250,9600,43
7312400325,20140625T000000,275000.0,2,1.0,770,4840,1.0,0,0,4,7,770,0,1927,0,98126,47.551,-122.376,930,4840,88
9842300540,20140624T000000,339000.0,3,1.0,1100,4128,1.0,0,0,4,7,720,380,1942,0,98126,47.5296,-122.37899999999999,1510,4538,73
5347200175,20150319T000000,299800.0,2,1.0,1310,2814,1.0,0,0,3,6,810,500,1944,0,98126,47.5185,-122.376,1300,1344,71
795001930,20141007T000000,324950.0,2,1.0,1150,9186,1.0,0,0,3,7,1150,0,1946,0,98168,47.5081,-122.33,1390,10690,69
179000100,20140826T000000,174000.0,2,1.0,600,4854,1.0,0,0,5,6,600,0,1922,0,98168,47.4927,-122.28,1470,5000,93
3028200100,20140826T000000,216000.0,2,1.0,860,9000,1.0,0,0,4,6,860,0,1942,0,98168,47.4801,-122.315,990,9975,73
5550300205,20150413T000000,338000.0,2,1.0,690,6400,1.0,0,0,3,6,690,0,1943,0,98126,47.5287,-122.367,1000,6400,72
3826000665,20140522T000000,305000.0,4,1.75,2200,8100,1.5,0,0,5,6,1400,800,1942,0,98168,47.4945,-122.303,1520,8100,73
7454000315,20150424T000000,299500.0,2,1.0,740,6300,1.0,0,0,3,6,740,0,1942,0,98126,47.5158,-122.376,740,6300,73
122029066,20150508T000000,490000.0,3,1.75,2020,215622,2.0,0,0,4,7,2020,0,1975,0,98070,47.4189,-122.499,1810,215622,40
985001321,20141217T000000,291000.0,4,1.0,1590,24330,1.5,0,0,3,6,1140,450,1942,0,98168,47.4906,-122.309,1000,16228,73
7987400475,20150417T000000,745000.0,5,3.0,2400,10126,2.0,0,3,3,8,2400,0,1981,0,98126,47.5726,-122.37299999999999,2250,3946,34
7452500530,20150219T000000,250000.0,2,1.0,850,6370,1.0,0,0,3,6,850,0,1951,0,98126,47.5198,-122.37299999999999,850,5170,64
257000037,20141229T000000,200000.0,3,1.0,2120,31564,1.0,0,0,3,7,1220,900,1942,0,98168,47.4938,-122.29799999999999,1790,11571,73
40000553,20150304T000000,250000.0,2,1.0,1400,19570,1.5,0,0,3,6,1100,300,1929,0,98168,47.4724,-122.271,2250,6500,86
3223039089,20140929T000000,275000.0,3,1.0,1230,171190,1.0,0,0,3,7,1230,0,1973,0,98070,47.4397,-122.46,1550,15450,42
8150600195,20141028T000000,450000.0,4,2.75,1540,4840,1.0,0,2,4,7,850,690,1929,0,98126,47.5491,-122.375,1180,4840,86
1923039089,20140610T000000,285000.0,2,2.0,1651,18200,1.0,0,0,3,6,1651,0,1946,0,98070,47.4621,-122.461,1510,89595,69
795000405,20150413T000000,285950.0,2,1.0,1170,6000,1.0,0,0,3,6,1170,0,1948,0,98168,47.5033,-122.331,1130,7500,67
1782000180,20141023T000000,350000.0,2,1.0,830,5100,1.0,0,0,4,7,830,0,1942,0,98126,47.5259,-122.37899999999999,1220,5100,73
797000256,20150407T000000,339950.0,3,1.75,1330,12092,1.0,0,0,4,6,720,610,1981,0,98168,47.5102,-122.324,1770,11770,34
293000145,20141113T000000,250000.0,4,1.0,1440,7404,1.0,0,0,3,6,1080,360,1918,0,98126,47.5328,-122.37899999999999,1620,7436,97
3262301355,20140725T000000,1320000.0,3,2.75,2680,20104,1.0,0,0,5,9,1820,860,1964,0,98039,47.6304,-122.234,3060,19837,51
7452500770,20140908T000000,267500.0,2,1.0,960,5150,1.0,0,0,5,6,960,0,1951,0,98126,47.5201,-122.37200000000001,1010,5000,64
952004570,20141206T000000,320000.0,2,1.0,1140,3834,1.5,0,0,3,6,1140,0,1911,0,98126,47.5642,-122.37799999999999,1190,5750,104
8687800100,20140713T000000,285000.0,3,1.75,1720,13104,1.0,0,0,4,7,1720,0,1962,0,98168,47.4709,-122.26,1840,13104,53
221029019,20150428T000000,400000.0,3,2.5,2090,32718,2.0,1,4,3,7,1550,540,1919,1983,98070,47.3338,-122.51100000000001,1200,192268,96
4364700945,20150402T000000,459000.0,4,2.0,2360,7080,1.0,0,0,5,6,1180,1180,1925,0,98126,47.5261,-122.376,1340,7200,90
7340600845,20140806T000000,185000.0,4,1.0,1380,6700,1.0,0,0,3,7,1190,190,1928,0,98168,47.4871,-122.281,1380,8292,87
4319200620,20141015T000000,235000.0,2,1.0,1270,9182,1.5,0,0,3,6,1270,0,1917,0,98126,47.5365,-122.37799999999999,1760,9100,98
1782500065,20150428T000000,420000.0,4,1.75,1320,4978,1.0,0,0,4,7,940,380,1942,0,98126,47.5266,-122.37899999999999,1260,4693,73
9358001590,20150303T000000,340000.0,5,1.0,1880,3774,1.5,0,0,3,6,1360,520,1917,0,98126,47.566,-122.37,1420,2550,98
923049378,20140508T000000,207000.0,3,1.0,1490,8995,1.0,0,0,4,7,1490,0,1954,0,98168,47.4901,-122.303,1490,9000,61
2817210210,20150401T000000,695000.0,3,2.0,2632,18743,2.0,0,3,3,10,2632,0,2000,0,98070,47.3743,-122.421,1970,14171,15
7452500730,20150424T000000,264950.0,2,1.0,1000,6000,1.0,0,0,3,6,1000,0,1951,0,98126,47.5208,-122.37200000000001,1250,6000,64
4364700165,20141124T000000,249900.0,2,1.0,560,7560,1.0,0,0,3,6,560,0,1944,0,98126,47.5271,-122.375,990,7560,71
796000085,20140923T000000,175000.0,4,1.0,1210,6250,1.0,0,0,3,7,1210,0,1962,0,98168,47.5008,-122.333,1210,8291,53
7987401095,20141113T000000,549950.0,3,2.5,2380,2500,3.0,0,3,3,9,2380,0,1988,0,98126,47.5734,-122.375,2270,5000,27
8018600870,20141006T000000,224000.0,2,1.0,1150,15000,1.0,0,0,3,6,1060,90,1930,2013,98168,47.4935,-122.316,1350,15000,85
257000038,20141006T000000,293550.0,4,1.75,2120,9706,1.0,0,0,3,7,1370,750,1965,0,98168,47.4939,-122.29700000000001,1730,11337,50
6082400191,20140619T000000,287000.0,3,2.0,1300,11374,1.5,0,0,5,7,1300,0,1933,0,98168,47.4839,-122.302,1480,9670,82
6398000191,20140827T000000,645000.0,2,1.5,1995,115670,1.5,0,1,4,8,1995,0,1991,0,98070,47.4022,-122.464,2142,29375,24
923049440,20140717T000000,312000.0,5,4.0,2900,9779,2.0,0,0,4,7,1950,950,1937,0,98168,47.5003,-122.306,1360,8000,78
798000062,20140801T000000,286000.0,3,1.75,1770,9000,1.0,0,0,3,7,1090,680,1954,0,98168,47.4997,-122.32600000000001,1520,21141,61
523049106,20140826T000000,255000.0,2,1.0,1610,19965,1.0,0,0,3,7,1610,0,1952,0,98168,47.5095,-122.31299999999999,2100,28400,63
6620400025,20150501T000000,245000.0,3,1.0,1380,9875,1.0,0,0,3,7,1380,0,1959,0,98168,47.5131,-122.334,1200,6250,56
8886000021,20140616T000000,445000.0,3,1.75,1890,32340,1.5,0,3,3,8,1890,0,1976,0,98070,47.4137,-122.439,1890,40180,39
8122600195,20140520T000000,396675.0,2,1.0,1730,6375,2.0,0,0,4,6,1730,0,1945,0,98126,47.5357,-122.368,1180,6250,70
6126601445,20140530T000000,490000.0,3,1.75,1920,5405,1.0,0,2,4,7,960,960,1947,0,98126,47.5583,-122.38,1190,5405,68
2613200025,20150313T000000,175000.0,2,1.0,1330,28270,1.5,0,0,3,6,1330,0,1925,0,98168,47.4824,-122.274,1210,6926,90
2800031,20150401T000000,235000.0,3,1.0,1430,7599,1.5,0,0,4,6,1010,420,1930,0,98168,47.4783,-122.265,1290,10320,85
257000057,20140916T000000,213500.0,3,1.5,1150,11571,1.0,0,0,3,7,1150,0,1961,0,98168,47.4931,-122.29799999999999,1630,11571,54
1782500035,20140703T000000,357000.0,2,1.0,870,4600,1.0,0,0,4,7,870,0,1942,0,98126,47.5274,-122.37899999999999,930,4600,73
7452500365,20140625T000000,310000.0,2,1.0,870,5400,1.0,0,0,3,6,870,0,1950,2007,98126,47.52,-122.374,990,5200,65
522039103,20141113T000000,310000.0,2,1.5,1040,83199,1.0,0,0,4,7,870,170,1965,0,98070,47.4222,-122.443,1760,75794,50
9285800801,20140926T000000,364500.0,3,1.0,1600,4489,1.0,0,2,3,6,800,800,1944,0,98126,47.5686,-122.37799999999999,1640,6013,71
8122100835,20140812T000000,183000.0,2,1.0,670,5140,1.0,0,0,3,6,670,0,1926,0,98126,47.5387,-122.37100000000001,850,5140,89
2788500090,20141219T000000,309000.0,3,1.0,1820,8142,1.0,0,0,3,7,1040,780,1961,0,98168,47.505,-122.316,1820,8142,54
2788400090,20140807T000000,250000.0,3,1.0,1700,7700,1.0,0,0,3,7,1120,580,1960,0,98168,47.5114,-122.318,1700,8800,55
1782000085,20140915T000000,350000.0,2,1.0,1280,5250,1.0,0,0,4,7,1140,140,1942,0,98126,47.5258,-122.37700000000001,1050,5250,73
2324039100,20141112T000000,525000.0,4,2.75,2440,5080,2.0,0,0,3,8,1750,690,1960,0,98126,47.5547,-122.37899999999999,1920,6375,55
1446401540,20140916T000000,243000.0,3,1.0,1500,6600,1.0,0,0,2,6,1500,0,1970,0,98168,47.4845,-122.33,1730,6600,45
9208900037,20140919T000000,6885000.0,6,7.75,9890,31374,2.0,0,4,3,13,8860,1030,2001,0,98039,47.6305,-122.24,4540,42730,14
822039146,20150219T000000,485000.0,3,2.0,2410,50654,1.5,0,0,3,7,2410,0,1995,0,98070,47.4154,-122.458,1900,36300,20
3278602170,20141215T000000,347000.0,2,2.25,1560,1705,2.0,0,0,3,8,1270,290,2006,0,98126,47.5482,-122.374,1560,1758,9
722039087,20140923T000000,220500.0,2,1.0,990,57499,1.0,0,0,2,6,990,0,1949,0,98070,47.4145,-122.463,2090,27442,66
722039087,20150504T000000,329000.0,2,1.0,990,57499,1.0,0,0,2,6,990,0,1949,0,98070,47.4145,-122.463,2090,27442,66
1422029138,20140902T000000,565000.0,3,2.5,2030,217805,1.0,0,0,3,9,2030,0,1999,0,98070,47.3942,-122.515,1870,109468,16
4364200015,20150109T000000,335000.0,2,1.5,1170,5248,1.0,0,0,5,6,1170,0,1941,0,98126,47.5318,-122.374,1170,5120,74
952000495,20150402T000000,598000.0,4,2.5,2420,5118,1.5,0,2,5,7,1550,870,1926,0,98126,47.5671,-122.37799999999999,1740,5750,89
66000265,20140807T000000,370000.0,2,1.0,820,6550,1.0,0,0,3,7,820,0,1949,2012,98126,47.5478,-122.381,1640,6550,66
3523029077,20141007T000000,297000.0,3,1.0,1340,18000,1.0,0,0,4,7,1340,0,1924,0,98070,47.4443,-122.509,1660,196591,91
7347600210,20150424T000000,258000.0,4,1.0,1220,8500,1.5,0,0,5,6,1220,0,1916,0,98168,47.4792,-122.277,1460,8500,99
5288200230,20150421T000000,675000.0,4,1.75,2460,5750,1.5,0,3,5,7,1620,840,1919,0,98126,47.5601,-122.37799999999999,1760,4830,96
3023039231,20140714T000000,650000.0,1,1.0,920,91476,1.5,0,0,3,6,920,0,1996,2002,98070,47.448,-122.47200000000001,1746,91476,19
8122600165,20141015T000000,273000.0,3,1.0,1500,6250,1.0,0,0,3,6,890,610,1945,0,98126,47.5365,-122.368,1210,6250,70
2794700120,20140912T000000,496000.0,3,3.5,3090,27598,2.0,0,2,4,9,2020,1070,1995,0,98070,47.3541,-122.45299999999999,2180,17085,20
3262301610,20141118T000000,865000.0,3,1.5,1530,10827,1.0,0,0,4,8,1530,0,1955,0,98039,47.6354,-122.234,2050,10827,60
7452500565,20140829T000000,260000.0,3,2.0,2710,5000,2.0,0,0,3,6,2710,0,1951,0,98126,47.5188,-122.37299999999999,850,5000,64
798000421,20150327T000000,292000.0,3,1.0,1730,21183,1.0,0,0,3,7,1030,700,1955,0,98168,47.5024,-122.33200000000001,1610,13000,60
5288200070,20140730T000000,450000.0,3,1.0,1450,3350,1.5,0,0,4,7,1450,0,1919,0,98126,47.5607,-122.37799999999999,1340,4255,96
5426300060,20141008T000000,1000000.0,3,2.25,2300,15952,1.0,0,0,4,8,1150,1150,1963,0,98039,47.6322,-122.23200000000001,2200,14284,52
4365200520,20150312T000000,490000.0,3,2.25,1410,7740,1.0,0,0,5,6,1410,0,1923,0,98126,47.523,-122.37100000000001,1220,7740,92
3598600049,20141003T000000,124000.0,1,0.75,840,7203,1.5,0,0,3,6,840,0,1949,0,98168,47.4756,-122.301,1560,8603,66
3598600049,20150424T000000,224000.0,1,0.75,840,7203,1.5,0,0,3,6,840,0,1949,0,98168,47.4756,-122.301,1560,8603,66
1446801000,20150320T000000,352000.0,5,2.5,2900,6650,1.0,0,0,3,7,1450,1450,1964,0,98168,47.4935,-122.33200000000001,1600,8246,51
8887001600,20150412T000000,280000.0,2,1.0,990,45528,1.0,0,0,4,7,990,0,1992,0,98070,47.5013,-122.463,1730,45528,23
1723049624,20140512T000000,330000.0,5,3.0,2100,7715,1.0,0,0,3,7,1250,850,2013,0,98168,47.4866,-122.319,2100,7959,2
4364200125,20150129T000000,530000.0,2,1.75,2120,7680,1.0,0,0,5,6,1130,990,1948,0,98126,47.5304,-122.374,1220,7680,67
4364200075,20140624T000000,300000.0,2,1.0,750,5120,1.0,0,0,4,6,750,0,1941,0,98126,47.5312,-122.375,930,7200,74
7312900060,20140603T000000,235000.0,2,1.0,720,4840,1.0,0,0,4,6,720,0,1947,0,98126,47.5534,-122.375,1510,4840,68
9345400350,20140718T000000,665000.0,2,2.5,2600,5000,1.0,0,0,5,8,1300,1300,1926,0,98126,47.5806,-122.37899999999999,2260,5000,89
3092000030,20140808T000000,270000.0,3,2.25,1470,16728,1.0,0,0,4,7,1350,120,1959,0,98168,47.4968,-122.302,1540,9000,56
4319200060,20140709T000000,840000.0,3,2.0,2783,11177,2.0,0,0,3,8,2783,0,1910,1999,98126,47.538000000000004,-122.38,1730,8018,105
7558800240,20150414T000000,485000.0,4,3.25,1946,17786,2.0,0,1,4,7,1946,0,1990,0,98070,47.358999999999995,-122.45200000000001,1460,16661,25
1446800710,20150227T000000,309000.0,3,1.0,1140,6400,1.0,0,0,3,7,1140,0,1962,0,98168,47.4902,-122.331,1340,6650,53
7312400030,20150130T000000,442000.0,2,1.0,1410,5000,1.0,0,2,4,7,940,470,1918,0,98126,47.5531,-122.37899999999999,1450,5000,97
293000036,20150403T000000,495000.0,4,2.0,1610,4770,1.0,0,0,4,7,1230,380,1941,0,98126,47.5333,-122.381,1180,6120,74
40000228,20141015T000000,221900.0,2,1.0,780,6727,1.0,0,0,3,6,780,0,1939,0,98168,47.4733,-122.281,1860,10124,76
1523049083,20141112T000000,196700.0,2,1.0,1090,9994,1.0,0,0,3,7,1090,0,1954,0,98168,47.4761,-122.287,1090,11700,61
4365200505,20141003T000000,354000.0,2,1.0,1390,7740,1.0,0,0,4,6,1390,0,1925,0,98126,47.5232,-122.37100000000001,1290,7740,90
66000140,20141120T000000,398000.0,3,1.0,1480,6550,1.5,0,0,4,6,1480,0,1925,0,98126,47.5498,-122.381,1200,6550,90
6031400013,20140616T000000,150000.0,3,1.5,1230,8056,1.0,0,0,4,6,1230,0,1949,0,98168,47.4878,-122.314,850,6714,66
3826000550,20150414T000000,245000.0,5,1.5,2000,8100,1.5,0,0,3,6,2000,0,1946,0,98168,47.4945,-122.304,960,9239,69
9297301505,20140509T000000,536500.0,4,1.75,2000,4000,1.5,0,0,5,7,1450,550,1926,0,98126,47.5659,-122.375,1430,4000,89
6620400400,20140813T000000,309950.0,1,1.0,1120,11800,1.5,0,0,3,7,1120,0,1950,0,98168,47.5123,-122.331,2330,9290,65
3361402041,20141030T000000,134000.0,3,1.0,1270,8508,1.0,0,0,4,6,650,620,1942,0,98168,47.4961,-122.322,1200,9415,73
42000127,20150224T000000,406500.0,3,1.5,1970,10080,1.0,0,0,3,7,1970,0,1966,0,98168,47.4703,-122.27600000000001,2240,10080,49
3123039171,20140805T000000,495000.0,3,2.75,1830,208216,2.0,0,0,3,8,1830,0,1997,0,98070,47.4377,-122.464,1530,16988,18
7454000990,20140924T000000,304950.0,2,1.0,670,6720,1.0,0,0,5,6,670,0,1942,0,98126,47.5151,-122.37200000000001,710,6720,73
133000127,20140623T000000,265000.0,3,1.0,1620,9450,1.5,0,0,3,7,1620,0,1928,0,98168,47.5136,-122.31299999999999,2070,11970,87
523049195,20140522T000000,150000.0,2,1.0,820,10270,1.0,0,0,3,7,820,0,1954,0,98168,47.5119,-122.329,1670,10086,61
1522039105,20150115T000000,729000.0,3,4.25,3300,308080,2.0,0,2,4,9,2520,780,1976,0,98070,47.3979,-122.416,2130,90604,39
7312400075,20141216T000000,422500.0,2,1.0,910,4800,1.0,0,0,4,7,910,0,1923,0,98126,47.5536,-122.37700000000001,1450,5000,92
7558800570,20140813T000000,367000.0,3,1.75,2000,12669,1.0,0,3,4,7,1200,800,1965,0,98070,47.3579,-122.446,1580,12055,50
9269200831,20140825T000000,392000.0,3,1.0,1090,6125,1.0,0,0,4,6,790,300,1945,0,98126,47.5343,-122.37,1050,6125,70
795000765,20140616T000000,92000.0,2,1.0,760,5500,1.5,0,0,3,5,760,0,1947,0,98168,47.5045,-122.329,1040,5515,68
9269200520,20141016T000000,310000.0,1,1.0,670,4920,1.0,0,0,3,5,670,0,1920,0,98126,47.5342,-122.37299999999999,1050,4920,95
1446401555,20141208T000000,292000.0,3,1.75,1320,6600,1.0,0,0,3,7,1320,0,1988,0,98168,47.4838,-122.33,1070,6594,27
3361401977,20140826T000000,250000.0,3,2.25,1560,15340,2.0,0,0,3,7,1560,0,1997,0,98168,47.4989,-122.322,1560,8260,18
4363700200,20150325T000000,190000.0,4,1.0,1190,7920,1.0,0,0,3,6,890,300,1951,0,98126,47.5305,-122.37100000000001,1140,7920,64
1822039225,20140725T000000,665000.0,3,2.5,3136,54450,1.5,0,0,5,8,3136,0,1910,0,98070,47.3999,-122.47200000000001,2300,54450,105
9275700765,20140610T000000,870000.0,4,2.5,3340,12248,2.0,0,1,3,9,2470,870,1998,0,98126,47.5858,-122.37899999999999,2110,5679,17
7454000875,20150406T000000,299000.0,2,1.0,710,6732,1.0,0,0,5,6,710,0,1942,0,98126,47.5151,-122.37200000000001,710,6720,73
3365900106,20150115T000000,255000.0,3,1.0,1440,11330,1.0,0,0,3,7,1440,0,1965,0,98168,47.4742,-122.265,1580,10100,50
2612000200,20150427T000000,394950.0,3,2.5,2050,8172,2.0,0,0,3,8,2050,0,2002,0,98168,47.4808,-122.28,2140,5664,13
6683000295,20140513T000000,350000.0,3,2.5,2010,14298,2.0,0,0,3,7,2010,0,1977,0,98070,47.5069,-122.47200000000001,2010,14298,38
1422029117,20140711T000000,319000.0,3,1.75,1640,53400,1.0,0,0,4,7,1640,0,1966,0,98070,47.3944,-122.506,1850,380279,49
1446800181,20140620T000000,264950.0,4,1.0,1810,7500,1.0,0,0,2,7,1410,400,1959,0,98168,47.4935,-122.333,1250,6255,56
795002190,20140715T000000,205000.0,2,1.0,1060,8000,1.0,0,0,3,6,1060,0,1941,0,98168,47.5088,-122.333,1390,8000,74
3025300226,20140515T000000,2100000.0,4,1.75,3550,19865,2.0,0,0,3,9,3550,0,1962,2002,98039,47.6236,-122.235,3000,19862,53
4364700990,20141003T000000,335000.0,3,1.0,1030,7200,1.0,0,0,3,6,880,150,1948,0,98126,47.5255,-122.376,1030,7200,67
9285800055,20141014T000000,619500.0,4,2.5,2210,5077,1.5,0,0,4,8,1480,730,1912,0,98126,47.5719,-122.37700000000001,1740,5000,103
3046200125,20150406T000000,202000.0,2,1.0,740,6550,1.0,0,0,4,5,740,0,1946,0,98168,47.4807,-122.33200000000001,1080,8515,69
6031400071,20150114T000000,270000.0,4,2.5,1670,8056,1.0,0,0,3,7,1170,500,1961,0,98168,47.4884,-122.319,1360,8056,54
8122100392,20141028T000000,292500.0,2,1.0,750,5026,1.0,0,0,4,6,750,0,1942,0,98126,47.5368,-122.374,1260,5040,73
952000310,20140520T000000,525000.0,3,1.5,1540,4773,2.0,0,0,3,8,1540,0,1941,2009,98126,47.5678,-122.37799999999999,1540,5750,74
985000955,20150312T000000,290000.0,4,2.0,1560,8800,2.0,0,0,5,6,1560,0,1942,1967,98168,47.4927,-122.31200000000001,1480,10000,73
3277800729,20141016T000000,275000.0,3,1.5,1170,1174,2.0,0,0,3,7,840,330,2007,0,98126,47.5459,-122.376,1170,2537,8
6083000071,20141110T000000,195000.0,3,2.0,1230,8235,1.5,0,0,3,6,1230,0,1959,0,98168,47.4853,-122.304,1080,10281,56
986000045,20141007T000000,240000.0,4,1.75,2020,10332,1.0,0,0,3,7,1010,1010,1954,0,98168,47.5059,-122.303,2240,8379,61
3365900041,20150121T000000,319000.0,3,1.5,2010,10100,1.0,0,0,4,7,1110,900,1964,0,98168,47.4738,-122.266,1900,10100,51
985001275,20140620T000000,250000.0,1,1.0,800,16306,1.0,0,0,2,6,680,120,1931,0,98168,47.4916,-122.30799999999999,1270,8666,84
3365900520,20140618T000000,192500.0,3,1.0,1080,8580,1.5,0,0,3,6,1080,0,1900,0,98168,47.4716,-122.262,1800,12672,115
5347200070,20150427T000000,339000.0,3,1.0,1150,2496,1.0,0,0,3,6,1010,140,1947,0,98126,47.5194,-122.376,1340,1203,68
2491200955,20141229T000000,530000.0,5,2.0,3020,6000,1.5,0,0,5,7,1860,1160,1925,0,98126,47.5207,-122.37799999999999,1380,6000,90
3277801646,20140516T000000,238000.0,3,2.0,1020,1204,2.0,0,0,3,7,720,300,2004,0,98126,47.5445,-122.376,1360,1506,11
9297301535,20140529T000000,540000.0,3,1.5,2600,5085,1.0,0,0,4,7,1400,1200,1940,0,98126,47.5659,-122.376,1320,4000,75
2492200055,20140708T000000,412000.0,3,1.75,1880,5752,1.0,0,0,4,7,940,940,1945,0,98126,47.5354,-122.37799999999999,1110,5201,70
9842300036,20141008T000000,415885.0,3,1.0,1310,4163,1.0,0,0,4,7,1310,0,1964,0,98126,47.5301,-122.381,1120,4166,51
7987400316,20140814T000000,255000.0,1,0.5,880,1642,1.0,0,0,3,6,500,380,1910,0,98126,47.5732,-122.37200000000001,1410,2992,105
923049468,20141110T000000,218000.0,3,1.0,980,12812,1.0,0,0,3,7,980,0,1956,0,98168,47.4892,-122.306,1430,8986,59
9284800844,20140916T000000,310000.0,4,1.0,1030,5750,1.0,0,0,3,7,1030,0,1971,0,98126,47.553000000000004,-122.37,1250,5750,44
1121000058,20150331T000000,485000.0,3,1.75,1790,6775,1.0,0,2,3,8,1790,0,1951,0,98126,47.5412,-122.37700000000001,1310,6028,64
1446403305,20140505T000000,206000.0,2,1.0,810,7158,1.0,0,0,5,6,810,0,1944,0,98168,47.4882,-122.325,1090,7158,71
4364700875,20140729T000000,237502.0,3,1.0,980,7560,1.0,0,0,3,7,980,0,1951,0,98126,47.5256,-122.375,1300,7560,64
3278602190,20140611T000000,350000.0,3,3.25,1460,1592,2.0,0,0,3,8,1130,330,2006,0,98126,47.5481,-122.374,1560,1701,9
4365200445,20140822T000000,400000.0,2,1.75,1250,7680,1.0,0,0,3,7,1250,0,1922,1968,98126,47.5242,-122.37100000000001,1250,7680,93
1446401550,20150206T000000,225000.0,3,1.0,660,6600,1.0,0,0,4,5,660,0,1940,0,98168,47.4842,-122.33,1320,6600,75
4364700885,20140912T000000,324950.0,3,1.5,1210,7560,1.0,0,0,3,7,1210,0,1941,0,98126,47.5255,-122.374,980,7560,74
7258200060,20141229T000000,320000.0,3,2.0,2320,7800,1.0,0,0,4,7,1160,1160,1960,0,98168,47.5141,-122.316,1380,7800,55
9269200340,20150423T000000,432000.0,4,1.75,1970,5160,1.5,0,0,3,7,1970,0,1942,0,98126,47.534,-122.37299999999999,1230,4920,73
2260300060,20150410T000000,2575000.0,5,3.0,4780,20440,1.0,0,0,4,10,3660,1120,1975,0,98039,47.6242,-122.23899999999999,4660,20440,40
2623029078,20140603T000000,437000.0,5,2.0,2120,137565,1.5,0,0,3,7,2120,0,1913,0,98070,47.4558,-122.507,2120,157123,102
792500260,20140715T000000,430000.0,2,2.0,1440,213008,2.0,0,0,4,7,1440,0,1990,0,98070,47.3604,-122.45700000000001,1630,161172,25
3821400200,20141006T000000,215000.0,3,2.0,1290,9312,1.0,0,0,3,7,1290,0,1947,0,98168,47.4811,-122.325,1650,7300,68
8122100160,20141023T000000,385000.0,3,0.75,1330,7020,1.0,0,0,5,7,1330,0,1924,0,98126,47.5377,-122.376,1410,5802,91
952000640,20141027T000000,715000.0,3,1.5,1670,5060,2.0,0,2,5,7,1670,0,1925,0,98126,47.5671,-122.37899999999999,1670,5118,90
3524039196,20141112T000000,396500.0,3,1.0,1710,5110,1.0,0,0,3,7,1100,610,1954,0,98126,47.5256,-122.37899999999999,1310,5110,61
5288200260,20140903T000000,597000.0,2,1.75,2470,4600,1.0,0,3,4,7,1140,1330,1916,0,98126,47.5599,-122.37799999999999,1790,5175,99
2023039045,20141103T000000,295000.0,2,1.0,1300,39639,1.0,0,0,4,6,1300,0,1960,0,98070,47.466,-122.45200000000001,1880,98881,55
3123039082,20141006T000000,467500.0,3,1.75,2040,273556,1.0,0,0,3,7,2040,0,1997,0,98070,47.4361,-122.469,1790,273556,18
1446404015,20140620T000000,200000.0,2,1.0,860,6600,1.0,0,0,5,6,860,0,1949,0,98168,47.4878,-122.324,1030,6732,66
8148600055,20140513T000000,225000.0,3,1.0,1040,6535,1.0,0,0,3,6,1040,0,1947,0,98168,47.4906,-122.306,1100,6535,68
9275702405,20150114T000000,1015000.0,3,1.75,3610,8502,1.5,0,2,3,10,2610,1000,1930,0,98126,47.583,-122.37899999999999,2900,5016,85
5347200162,20140528T000000,210000.0,2,1.5,880,1157,2.0,0,0,3,7,880,0,2007,0,98126,47.5188,-122.376,1070,1203,8
4365200055,20141205T000000,450000.0,4,2.25,1990,7320,1.0,0,0,4,7,1030,960,1965,0,98126,47.5237,-122.376,1320,7320,50
3738000070,20150309T000000,1712750.0,5,2.5,2660,6572,1.0,0,0,5,9,1960,700,1959,0,98039,47.6176,-122.223,3960,14595,56
8887001625,20150410T000000,417000.0,3,2.75,1820,52889,2.0,0,0,3,8,1820,0,1991,0,98070,47.501000000000005,-122.463,1820,45528,24
4365200186,20140606T000000,253500.0,2,1.0,810,4800,1.0,0,0,3,7,810,0,1948,0,98126,47.5232,-122.375,1240,7740,67
1446401290,20141030T000000,214950.0,3,1.0,1400,6600,1.0,0,0,3,6,1280,120,1954,0,98168,47.4845,-122.331,1730,6600,61
3624039074,20150504T000000,430000.0,3,1.0,1210,5200,1.0,0,0,3,6,1210,0,1941,0,98126,47.531000000000006,-122.37299999999999,890,5200,74
1523049115,20141021T000000,234550.0,3,1.0,1990,15375,1.0,0,0,3,7,1140,850,1946,0,98168,47.4778,-122.288,1160,10236,69
9297301065,20141029T000000,625000.0,3,1.0,1800,4800,1.0,0,2,4,9,900,900,1927,0,98126,47.5672,-122.37200000000001,1400,4800,88
985000833,20140910T000000,209977.0,3,1.0,1170,6134,1.0,0,0,4,7,1170,0,1948,0,98168,47.4941,-122.31200000000001,1440,9823,67
952005000,20140815T000000,545000.0,3,1.75,1700,5750,1.5,0,2,5,7,1450,250,1925,0,98126,47.5643,-122.38,1700,5750,90
3095000040,20141016T000000,315000.0,1,0.75,770,4600,1.0,0,0,4,6,770,0,1910,0,98126,47.5565,-122.37700000000001,1550,4600,105
1623049133,20140729T000000,205000.0,4,2.0,2200,13320,1.0,0,0,3,6,1100,1100,1944,0,98168,47.481,-122.292,1330,6099,71
4321200580,20150125T000000,575000.0,3,2.5,1760,2320,2.0,0,2,3,8,1760,0,1994,0,98126,47.5723,-122.376,1760,4698,21
8019200845,20150218T000000,245000.0,2,1.0,1020,15000,1.5,0,0,3,6,1020,0,1933,0,98168,47.4956,-122.321,1480,14519,82
2789000120,20150424T000000,335000.0,2,1.0,1800,8900,1.0,0,0,3,6,900,900,1945,0,98168,47.51,-122.323,2040,10450,70
1324039110,20141126T000000,750000.0,4,3.5,3050,7020,2.0,0,3,3,9,2050,1000,1984,0,98126,47.571000000000005,-122.374,2170,5900,31
9269200540,20140819T000000,429000.0,3,1.75,2520,5043,1.0,0,0,3,8,1260,1260,1957,0,98126,47.5339,-122.37200000000001,1360,4920,58
8150600065,20140924T000000,382000.0,3,2.0,1360,4840,1.5,0,0,3,8,1360,0,1936,0,98126,47.5487,-122.376,1450,4840,79
5347200220,20140911T000000,225000.0,2,1.0,720,4758,1.0,0,0,3,6,720,0,1947,0,98126,47.5176,-122.376,990,4920,68
4363700304,20140804T000000,400000.0,2,1.0,1270,7440,1.0,0,0,4,7,910,360,1949,0,98126,47.5285,-122.37200000000001,1040,7500,66
5425700150,20140804T000000,787500.0,4,1.75,1580,9382,1.0,0,0,3,7,1080,500,1963,0,98039,47.6353,-122.23200000000001,2010,9382,52
8961800035,20140605T000000,229000.0,2,1.0,1190,7408,1.0,0,0,3,6,830,360,1941,0,98168,47.5094,-122.31,1140,7408,74
293000180,20150507T000000,370000.0,2,1.0,910,5525,1.0,0,0,2,6,910,0,1910,0,98126,47.5322,-122.37899999999999,1620,5525,105
2817100910,20140616T000000,385000.0,3,2.0,1590,9912,2.0,0,0,3,8,1590,0,2000,0,98070,47.3731,-122.43,1670,9912,15
9358000650,20150423T000000,399950.0,2,0.75,1330,2856,1.0,0,0,4,7,930,400,1916,0,98126,47.5671,-122.37,1330,2856,99
795000865,20140912T000000,235000.0,3,1.0,1020,6173,1.0,0,0,3,6,780,240,1948,0,98168,47.5042,-122.329,1330,5909,67
3361401210,20141231T000000,209000.0,2,1.0,1070,6120,1.0,0,0,3,6,1070,0,1962,0,98168,47.4989,-122.31700000000001,1130,6120,53
9284801165,20140530T000000,315000.0,3,2.0,1060,5750,1.0,0,0,3,7,1060,0,1981,0,98126,47.5523,-122.37200000000001,1080,5750,34
4321200970,20140610T000000,555000.0,3,2.0,2180,4976,1.5,0,2,4,8,1680,500,1930,0,98126,47.573,-122.38,1850,5000,85
7346600092,20140730T000000,327200.0,2,2.0,1440,8425,1.0,0,0,4,6,1440,0,1942,1983,98168,47.4831,-122.296,1430,12037,73
3278600760,20140729T000000,345000.0,3,2.5,1360,1489,2.0,0,0,3,8,1360,0,2007,0,98126,47.549,-122.37200000000001,1360,1688,8
798000145,20140924T000000,244500.0,2,1.75,1300,14500,1.0,0,0,3,6,650,650,1939,0,98168,47.4989,-122.329,1370,12986,76
8019200360,20150506T000000,248500.0,2,1.0,780,10064,1.0,0,0,4,7,780,0,1958,0,98168,47.4913,-122.318,1090,14750,57
5550300175,20141206T000000,285000.0,2,1.0,720,6400,1.0,0,0,4,6,720,0,1943,0,98126,47.5286,-122.368,1030,6400,72
822039025,20150501T000000,777700.0,3,2.5,2260,251460,1.5,0,0,3,10,2260,0,1995,0,98070,47.4096,-122.449,1610,244372,20
2853600155,20140915T000000,110000.0,1,1.0,640,10280,1.0,0,0,2,5,640,0,1920,0,98126,47.5144,-122.368,1090,9000,95
4365200555,20141219T000000,375000.0,3,2.5,1670,7740,1.0,0,0,3,7,1130,540,1974,0,98126,47.5222,-122.37,1220,7740,41
8019200925,20150429T000000,315000.0,5,1.75,1850,14800,1.5,0,0,3,6,1760,90,1937,0,98168,47.4935,-122.321,1250,14800,78
8122600145,20140521T000000,452000.0,4,2.0,1660,6150,1.0,0,0,3,6,850,810,1945,0,98126,47.5371,-122.368,1110,6250,70
4365200620,20150312T000000,394000.0,3,1.0,1450,7930,1.0,0,0,4,6,1150,300,1923,0,98126,47.5212,-122.37100000000001,1040,7740,92
2695600455,20150128T000000,425000.0,2,1.0,1160,5038,1.0,0,0,5,7,740,420,1942,0,98126,47.5304,-122.38,1160,5076,73
9297300395,20140527T000000,435000.0,3,1.0,1270,4000,1.5,0,2,3,7,1270,0,1928,0,98126,47.5695,-122.376,1560,4000,87
1523049207,20140805T000000,161000.0,4,2.0,1700,8043,1.0,0,0,3,7,850,850,1954,0,98168,47.4758,-122.288,1540,13260,61
1523049207,20150114T000000,220000.0,4,2.0,1700,8043,1.0,0,0,3,7,850,850,1954,0,98168,47.4758,-122.288,1540,13260,61
216500040,20150226T000000,259000.0,3,2.5,2740,7980,2.0,0,0,4,7,2740,0,1964,0,98168,47.473,-122.3,1470,8611,51
3262300322,20150408T000000,1651000.0,4,3.25,3640,13530,1.0,0,0,3,9,2570,1070,1924,2000,98039,47.6293,-122.238,2760,15000,91
8122100650,20140731T000000,316000.0,2,1.0,730,5040,1.0,0,0,3,6,730,0,1927,0,98126,47.5387,-122.374,790,5040,88
1392800035,20140618T000000,559000.0,2,1.0,1240,6400,1.0,0,1,4,7,1060,180,1938,0,98126,47.5493,-122.37700000000001,1240,6400,77
5425700205,20140520T000000,1800000.0,4,3.5,4460,16953,1.0,0,0,3,9,2550,1910,1962,1994,98039,47.6338,-122.23200000000001,1980,13370,53
3277800845,20140711T000000,370000.0,3,1.0,1170,1105,1.0,0,0,3,7,1170,0,1965,0,98126,47.5448,-122.375,1380,1399,50
7454000555,20150113T000000,272000.0,2,1.0,670,6300,1.0,0,0,4,6,670,0,1942,0,98126,47.5145,-122.374,740,6300,73
797000276,20140625T000000,270000.0,2,1.0,2060,8398,1.0,0,0,3,7,1260,800,1962,0,98168,47.50899999999999,-122.324,1690,13495,53
1822039138,20150227T000000,600000.0,2,2.25,2320,18919,2.0,1,4,4,8,2320,0,1976,0,98070,47.3905,-122.462,1610,18919,39
9285800330,20140702T000000,732000.0,3,3.75,2670,6517,2.5,0,4,4,8,2020,650,1977,0,98126,47.5702,-122.38,2010,6073,38
6620400205,20140806T000000,200000.0,2,1.0,1000,6227,1.0,0,0,3,6,1000,0,1949,0,98168,47.513000000000005,-122.333,1240,6250,66
1781500220,20150131T000000,690000.0,3,2.5,2590,4961,2.0,0,0,3,9,2590,0,1944,2007,98126,47.5271,-122.381,1230,4961,71
2787000040,20141003T000000,285000.0,3,1.5,1870,42070,1.0,0,0,3,7,1870,0,1953,0,98168,47.50899999999999,-122.31299999999999,1870,19965,62
2843200085,20150217T000000,260000.0,3,1.0,1910,8710,1.0,0,0,3,7,1080,830,1954,0,98168,47.5038,-122.3,1460,8944,61
7454000145,20150306T000000,122000.0,2,1.0,740,6840,1.0,0,0,3,6,740,0,1942,0,98126,47.5168,-122.37299999999999,740,6840,73
2525049246,20141017T000000,1550000.0,2,2.25,2950,15593,1.0,0,0,4,8,1560,1390,1942,1986,98039,47.6209,-122.236,2060,19855,73
822039004,20140613T000000,849900.0,2,2.0,2280,641203,2.0,0,0,3,9,2280,0,1990,0,98070,47.4125,-122.455,2030,224334,25
7340601063,20140903T000000,295500.0,3,1.75,1590,41550,1.5,0,0,3,6,1290,300,1933,1989,98168,47.4817,-122.28,2990,6464,82
9505100035,20141105T000000,200000.0,2,1.0,1250,8520,1.0,0,0,3,6,1250,0,1928,0,98126,47.5158,-122.37799999999999,1040,8520,87
2762600035,20140909T000000,279000.0,3,1.0,1530,15975,1.0,0,0,3,7,970,560,1952,0,98168,47.4766,-122.32600000000001,1540,15975,63
9269200150,20140715T000000,390000.0,1,1.75,1440,4920,1.0,0,0,3,7,720,720,1923,0,98126,47.534,-122.376,1440,4920,92
2623029003,20141216T000000,635000.0,3,1.75,1940,167125,1.0,1,1,4,7,1480,460,1955,0,98070,47.458999999999996,-122.50399999999999,1910,127195,60
2622029072,20141001T000000,520000.0,4,3.5,2734,210201,2.0,0,0,5,8,2734,0,1974,0,98070,47.3652,-122.50399999999999,2270,187308,41
2525049266,20140821T000000,1762000.0,3,2.25,3060,16000,2.0,0,0,3,10,3060,0,1988,0,98039,47.6189,-122.23,3510,13162,27
2489200230,20150311T000000,756100.0,4,2.0,2000,8317,1.5,0,0,4,8,2000,0,1917,0,98126,47.5394,-122.37899999999999,1390,6001,98
7645900355,20150313T000000,850000.0,3,2.75,3180,3680,2.0,0,0,4,9,2190,990,1918,0,98126,47.577,-122.38,2000,3680,97
797000258,20150402T000000,350000.0,2,2.75,2820,11770,2.0,0,0,3,7,1630,1190,1947,0,98168,47.5102,-122.324,1690,12500,68
2817100040,20150213T000000,355000.0,4,3.0,2580,9601,2.0,0,0,4,7,2130,450,1992,0,98070,47.3726,-122.43299999999999,1900,10092,23
8122100355,20140924T000000,550000.0,1,1.0,2880,7560,1.0,0,0,3,7,1440,1440,1925,2014,98126,47.537,-122.375,1400,5040,90
3522029124,20141203T000000,575000.0,3,2.0,2690,435600,2.0,0,0,3,8,2690,0,1992,0,98070,47.3477,-122.51899999999999,1700,163350,23
985001082,20140521T000000,246000.0,3,1.5,1780,23819,1.0,0,0,3,7,1780,0,1953,0,98168,47.4912,-122.31200000000001,1130,14450,62
5427110040,20140609T000000,1225000.0,4,2.5,2740,16007,2.0,0,0,3,9,2740,0,1984,0,98039,47.6353,-122.229,2760,16008,31
7397300220,20140529T000000,2750000.0,4,3.25,4430,21000,2.0,0,0,3,10,4430,0,1952,2007,98039,47.6398,-122.23700000000001,3930,20000,63
3826000385,20141217T000000,201000.0,4,1.5,1360,8100,1.5,0,0,3,7,1360,0,1962,0,98168,47.4931,-122.305,1300,8100,53
8687800150,20141120T000000,294000.0,3,2.0,1650,11256,1.0,0,0,4,7,1250,400,1957,0,98168,47.4707,-122.26,1860,11256,58
8887001215,20141107T000000,407185.0,3,1.75,1860,48076,1.5,0,0,4,8,1860,0,1929,0,98070,47.5051,-122.461,1410,23066,86
1269200150,20150113T000000,358000.0,3,1.5,1150,27319,1.0,0,0,4,6,1150,0,1976,0,98070,47.3933,-122.454,1700,30691,39
1447600410,20141009T000000,290000.0,3,1.0,1480,32700,1.0,0,0,4,6,1380,100,1942,0,98168,47.4949,-122.32700000000001,1500,22600,73
316000145,20150325T000000,235000.0,4,1.0,1360,7132,1.5,0,0,3,6,1360,0,1941,0,98168,47.5054,-122.301,1280,7175,74
2425049107,20150305T000000,1950000.0,4,3.75,4150,17424,1.0,0,0,3,9,3130,1020,1963,2000,98039,47.638999999999996,-122.236,3930,21420,52
2551500180,20140905T000000,295000.0,3,1.75,1250,9486,1.0,0,0,4,6,1250,0,1971,0,98070,47.4341,-122.446,1270,9600,44
4363700365,20140801T000000,429000.0,4,2.5,2100,7920,1.5,0,0,4,6,1400,700,1916,0,98126,47.5293,-122.37100000000001,1230,7920,99
7192800145,20141202T000000,420000.0,2,1.0,2100,4480,1.0,0,0,5,7,1400,700,1908,0,98126,47.574,-122.37200000000001,1570,4400,107
1446800995,20140805T000000,300000.0,3,2.5,2020,6628,1.0,0,0,4,7,1250,770,1963,0,98168,47.4934,-122.33200000000001,1540,9995,52
4364700730,20140530T000000,280000.0,2,1.0,1880,7560,1.0,0,0,3,6,940,940,1919,0,98126,47.5261,-122.374,1280,7560,96
2222039011,20141103T000000,480000.0,5,1.75,2080,217800,1.0,0,0,5,7,2080,0,1963,0,98070,47.3884,-122.404,1670,213008,52
1781500155,20140529T000000,445000.0,4,1.75,1990,4725,1.5,0,0,4,7,1190,800,1944,0,98126,47.5275,-122.38,1240,4961,71
723039189,20150102T000000,519000.0,3,1.75,1560,26099,1.0,0,3,4,8,1560,0,1973,0,98070,47.5023,-122.46700000000001,1760,19687,42
2425049061,20140825T000000,2200000.0,3,2.0,3570,30456,1.0,0,1,3,8,2070,1500,1946,1982,98039,47.6413,-122.24,3570,27418,69
65000085,20140708T000000,430000.0,3,2.0,1550,6039,1.0,0,0,5,7,830,720,1942,0,98126,47.5436,-122.37799999999999,1330,6042,73
7987401010,20140703T000000,633000.0,4,2.5,2360,10000,1.0,0,3,3,8,1980,380,1977,0,98126,47.573,-122.374,2480,5000,38
8687800065,20140702T000000,305000.0,2,1.0,2160,12960,1.0,0,0,3,7,1360,800,1968,0,98168,47.4702,-122.26100000000001,2070,12960,47
1504800097,20140613T000000,513000.0,4,2.75,2020,7070,1.0,0,0,5,7,1010,1010,1958,0,98126,47.5202,-122.37799999999999,1390,6000,57
7452500815,20150310T000000,212625.0,2,1.0,960,5000,1.0,0,0,3,6,960,0,1951,0,98126,47.5188,-122.37200000000001,930,5000,64
7558800620,20140822T000000,600000.0,2,1.75,1550,7764,1.0,1,4,4,8,1550,0,1965,1986,98070,47.358000000000004,-122.446,1690,11620,50
8122101115,20150421T000000,435000.0,4,2.5,2180,6500,2.0,0,0,3,7,1410,770,1945,0,98126,47.5365,-122.37,920,6500,70
9297301520,20150329T000000,410000.0,2,1.75,870,4000,1.0,0,0,3,6,870,0,1941,0,98126,47.5657,-122.376,1420,4000,74
8122100905,20140624T000000,395000.0,4,1.75,1540,5120,1.0,0,0,5,6,770,770,1943,0,98126,47.5359,-122.37200000000001,1080,5120,72
9269200120,20141030T000000,415000.0,3,2.5,1710,4920,2.0,0,0,3,7,1710,0,1990,0,98126,47.5347,-122.376,1500,4920,25
2051200506,20150413T000000,390000.0,3,1.0,1190,85226,1.5,0,0,5,5,1190,0,1935,0,98070,47.365,-122.462,1360,46960,80
923049110,20150129T000000,168500.0,2,1.0,1020,7742,1.0,0,0,4,6,1020,0,1935,1978,98168,47.498999999999995,-122.301,1510,7742,80
797000330,20150402T000000,369900.0,3,1.75,2150,19127,1.0,0,0,3,7,1650,500,1978,0,98168,47.5061,-122.324,1550,15000,37
9285800790,20150406T000000,590000.0,5,1.0,1840,6710,1.5,0,0,3,7,1840,0,1920,0,98126,47.5686,-122.37799999999999,1410,4880,95
3874900205,20150414T000000,378510.0,2,1.0,770,5185,1.0,0,0,3,7,770,0,1947,0,98126,47.5459,-122.37899999999999,1260,6550,68
8018600880,20140611T000000,110000.0,2,1.0,800,15000,1.0,0,0,3,6,800,0,1927,0,98168,47.4932,-122.316,1170,15000,88
2960900040,20140521T000000,450000.0,2,1.0,1200,4000,1.0,0,0,3,7,1070,130,1940,0,98126,47.5766,-122.37799999999999,1770,4000,75
3361401011,20150219T000000,110000.0,2,1.0,600,6120,1.0,0,0,3,5,600,0,1943,0,98168,47.4997,-122.31700000000001,1060,6120,72
2824600180,20141024T000000,713414.0,3,2.5,2830,6000,1.0,0,3,3,9,1730,1100,1954,0,98126,47.5751,-122.37799999999999,2040,5300,61
3835502815,20140925T000000,1260000.0,3,2.5,3110,9930,1.0,0,1,3,8,1640,1470,1954,0,98039,47.6112,-122.226,3650,14399,61
2423029009,20140617T000000,465000.0,2,2.0,1494,19271,2.0,1,4,3,7,1494,0,1943,1997,98070,47.4728,-122.49700000000001,1494,43583,72
522039106,20140606T000000,160000.0,3,1.0,1210,103237,1.0,0,0,2,6,1210,0,1918,1960,98070,47.4208,-122.445,1880,40510,97
2622029073,20140905T000000,437500.0,3,2.25,2100,205603,2.0,0,0,3,8,2100,0,1983,0,98070,47.3668,-122.505,2396,187308,32
1394300005,20140507T000000,361280.0,2,1.0,820,6400,1.0,0,0,4,7,820,0,1944,0,98126,47.55,-122.37899999999999,1490,6400,71
7454000585,20150427T000000,289000.0,2,1.0,710,6300,1.0,0,0,3,6,710,0,1942,0,98126,47.5155,-122.374,740,6300,73
2210500010,20140930T000000,2450000.0,7,4.25,4670,23115,2.0,0,2,3,11,4670,0,1992,0,98039,47.6183,-122.227,3240,13912,23
1760600009,20140829T000000,229000.0,3,1.0,1030,7800,1.0,0,0,3,7,1030,0,1954,0,98168,47.473,-122.324,1630,12664,61
2788400020,20140710T000000,150000.0,3,1.0,1200,9527,1.0,0,0,3,7,1200,0,1959,0,98168,47.5112,-122.316,1510,9457,56
952000725,20141021T000000,442000.0,2,1.0,990,4313,1.5,0,2,4,6,990,0,1917,0,98126,47.5677,-122.38,1480,5750,98
1121000095,20141105T000000,320000.0,2,1.0,1120,5329,1.0,0,1,3,6,750,370,1929,0,98126,47.5421,-122.37799999999999,1530,5330,86
3388100020,20140812T000000,225000.0,3,1.5,1660,7221,1.0,0,0,3,7,980,680,1962,0,98168,47.4962,-122.32,1770,8083,53
2425049063,20140911T000000,3640900.0,4,3.25,4830,22257,2.0,1,4,4,11,4830,0,1990,0,98039,47.6409,-122.241,3820,25582,25
3022039069,20150326T000000,300000.0,3,1.0,1290,12415,1.5,0,0,3,6,1290,0,1908,0,98070,47.3719,-122.461,1620,12415,107
40000362,20140506T000000,78000.0,2,1.0,780,16344,1.0,0,0,1,5,780,0,1942,0,98168,47.4739,-122.28,1700,10387,73
3826000460,20150313T000000,297975.0,3,2.25,2820,8100,1.0,0,0,4,7,1720,1100,1947,0,98168,47.4944,-122.304,1040,8100,68
9285800020,20140827T000000,622500.0,3,2.5,2260,4550,1.5,0,0,4,7,1380,880,1928,0,98126,47.5714,-122.376,1870,4582,87
6433000050,20140821T000000,350000.0,4,1.75,2740,10086,1.0,0,0,3,7,1440,1300,1972,0,98168,47.5112,-122.329,1710,9840,43
1723049008,20140822T000000,200000.0,2,1.0,930,8665,1.0,0,0,4,6,930,0,1938,0,98168,47.4822,-122.318,1630,12375,77
8019201061,20150115T000000,235000.0,3,2.0,1090,8400,1.0,0,0,4,6,1090,0,1961,0,98168,47.4942,-122.322,1100,10850,54
3361402066,20150403T000000,365000.0,4,1.75,3080,32997,1.5,0,0,4,7,3080,0,1950,1982,98168,47.498000000000005,-122.321,1980,5711,65
8122101440,20140708T000000,325000.0,2,1.0,800,7260,1.0,0,0,3,7,800,0,1953,0,98126,47.5359,-122.367,1010,7440,62
3361400980,20150512T000000,135000.0,2,1.0,600,6120,1.0,0,0,3,5,600,0,1943,1989,98168,47.5,-122.31700000000001,1090,6120,72
3623029034,20150311T000000,230000.0,3,1.0,1120,32250,1.0,0,0,4,6,1120,0,1934,0,98070,47.446999999999996,-122.48200000000001,1010,335289,81
8122100235,20150413T000000,435000.0,2,1.0,960,6250,1.0,0,0,4,6,740,220,1940,0,98126,47.5378,-122.375,1090,6000,75
3625049088,20140702T000000,2271150.0,4,3.25,4040,18916,1.0,0,0,4,9,4040,0,1954,0,98039,47.6155,-122.238,3000,18831,61
42000006,20140910T000000,235000.0,5,1.0,1500,9282,1.5,0,0,5,6,1500,0,1966,0,98168,47.4702,-122.281,1520,9639,49
257000263,20141021T000000,182200.0,4,1.0,1130,13927,1.5,0,0,3,6,1130,0,1929,0,98168,47.4939,-122.3,1800,8274,86
3277801448,20150312T000000,280000.0,3,2.0,1020,889,2.0,0,0,3,7,720,300,2009,0,98126,47.5434,-122.375,1130,972,6
6332000050,20150121T000000,464000.0,3,2.0,1630,6550,1.0,0,0,5,7,850,780,1912,0,98126,47.5452,-122.37899999999999,1440,6550,103
1725800280,20140616T000000,373000.0,3,1.0,1770,5720,1.5,0,0,4,7,1140,630,1926,0,98126,47.5546,-122.37700000000001,1500,4406,89
3223039109,20150220T000000,819000.0,3,2.5,2750,226512,2.0,0,0,3,9,2750,0,2000,0,98070,47.4376,-122.456,1250,211266,15
8088600080,20140602T000000,274950.0,3,1.0,1450,8820,1.0,0,0,3,6,1050,400,1958,0,98168,47.4698,-122.264,1510,8820,57
5288200225,20141125T000000,437500.0,3,2.0,1760,2875,2.0,0,2,3,7,1290,470,1988,0,98126,47.5602,-122.37799999999999,1760,4830,27
8018600655,20150326T000000,280000.0,4,3.0,2460,9606,1.0,0,0,3,8,2460,0,2012,0,98168,47.4889,-122.31700000000001,1730,7500,3
8122600020,20140521T000000,200000.0,4,1.0,1310,5200,1.5,0,0,3,6,1160,150,1945,0,98126,47.5384,-122.37,1090,5180,70
9285800585,20140611T000000,460000.0,3,2.0,2060,4437,1.0,0,0,3,7,1030,1030,1929,0,98126,47.5705,-122.376,1750,4452,86
4319200605,20140628T000000,475000.0,3,2.5,1700,9100,1.0,0,0,3,8,1160,540,1998,0,98126,47.5369,-122.37799999999999,1590,8374,17
3028200080,20150324T000000,81000.0,2,1.0,730,9975,1.0,0,0,1,5,730,0,1943,0,98168,47.4808,-122.315,860,9000,72
2492200280,20141202T000000,528000.0,3,2.75,2160,4086,1.0,0,0,3,7,1380,780,1987,0,98126,47.5352,-122.38,1300,4080,28
2123049502,20140623T000000,215000.0,3,2.0,1340,8505,1.0,0,0,3,6,1340,0,1931,0,98168,47.4727,-122.29700000000001,1370,9000,84
3365901435,20140623T000000,165000.0,3,1.0,1200,13100,1.0,0,0,3,6,1200,0,1943,0,98168,47.475,-122.258,1960,11285,72
3025300250,20150513T000000,1620000.0,4,2.25,2350,17709,2.0,0,0,4,9,2350,0,1977,0,98039,47.6232,-122.236,3360,19855,38
923049400,20141119T000000,185000.0,2,1.0,1390,11340,1.0,0,0,4,7,1390,0,1969,0,98168,47.4969,-122.3,1200,10224,46
796000235,20150401T000000,209950.0,2,1.0,1050,6250,1.0,0,0,4,6,840,210,1943,0,98168,47.5024,-122.333,1310,12500,72
7397300170,20140530T000000,3710000.0,4,3.5,5550,28078,2.0,0,2,4,12,3350,2200,2000,0,98039,47.6395,-122.234,2980,19602,15
1551500130,20140522T000000,180000.0,4,1.5,1740,7292,1.0,0,0,3,7,1020,720,1962,0,98168,47.4787,-122.302,1740,7573,53
9358000780,20150512T000000,275000.0,2,1.0,830,5610,1.0,0,0,3,6,830,0,1922,0,98126,47.5674,-122.367,1310,2793,93
1446401190,20150317T000000,175000.0,2,1.0,620,6600,1.0,0,0,3,6,620,0,1963,0,98168,47.4862,-122.33,1050,6600,52
3262300920,20150408T000000,1200000.0,4,3.0,2150,8119,2.0,0,0,3,8,2150,0,1953,2004,98039,47.6335,-122.236,1590,8119,62
6332000130,20150420T000000,525000.0,3,1.75,1470,6550,1.0,0,2,3,7,1070,400,1916,0,98126,47.5463,-122.381,1440,6550,99
1393800005,20150507T000000,355000.0,2,1.0,900,6656,1.0,0,0,3,7,900,0,1940,0,98126,47.5467,-122.37700000000001,1230,6400,75
4364700595,20140818T000000,333000.0,3,1.0,1050,7560,1.0,0,0,3,7,1050,0,1951,0,98126,47.525,-122.37100000000001,1490,7560,64
2695600190,20150327T000000,416000.0,2,1.0,940,4264,1.0,0,0,5,7,940,0,1949,0,98126,47.5314,-122.37799999999999,1630,4472,66
1782500095,20150309T000000,369000.0,2,1.0,1320,6135,1.0,0,0,4,7,880,440,1942,0,98126,47.5265,-122.37899999999999,1050,4693,73
8887001192,20140620T000000,355000.0,2,1.0,1240,27042,1.0,0,1,3,6,1000,240,1943,0,98070,47.5026,-122.465,2140,20059,72
3874400380,20150316T000000,445000.0,3,2.5,1740,22089,1.0,0,0,4,8,1130,610,1977,0,98070,47.3948,-122.435,2000,24925,38
2923039243,20141113T000000,340000.0,4,1.0,1200,11834,1.0,1,3,3,6,1200,0,1972,0,98070,47.4557,-122.443,1670,47462,43
9200000050,20140918T000000,109500.0,2,1.0,800,10625,1.0,0,0,3,6,800,0,1942,0,98168,47.496,-122.31700000000001,1130,10625,73
7454000470,20140801T000000,412500.0,3,1.75,1530,6300,1.0,0,0,3,6,1530,0,1942,2004,98126,47.516000000000005,-122.375,920,6300,73
792000006,20140709T000000,187000.0,2,1.0,840,11600,1.0,0,0,3,6,840,0,1952,0,98168,47.492,-122.302,1610,9120,63
623039026,20141125T000000,645000.0,2,2.25,2770,11884,1.0,0,3,4,8,1570,1200,1969,0,98070,47.5098,-122.47399999999999,2310,17097,46
3223039181,20140609T000000,585000.0,4,1.75,2470,131790,2.0,0,2,3,8,2470,0,1937,0,98070,47.4421,-122.444,1470,92747,78
1623049145,20140925T000000,210000.0,2,1.0,880,9750,1.0,0,0,5,6,880,0,1938,0,98168,47.4885,-122.29799999999999,1220,9406,77
798000630,20141031T000000,340000.0,4,2.5,2020,32710,1.0,0,0,3,7,1070,950,1941,0,98168,47.4969,-122.33,1340,17700,74
795002375,20140527T000000,280000.0,3,1.0,1200,6250,1.0,0,0,3,6,920,280,1943,0,98168,47.5095,-122.331,1280,9375,72
9842300095,20140725T000000,365000.0,5,2.0,1600,4168,1.5,0,0,3,7,1600,0,1927,0,98126,47.5297,-122.381,1190,4168,88
6099400293,20141208T000000,208000.0,2,1.0,960,13438,1.0,0,0,3,7,960,0,1951,0,98168,47.4745,-122.295,1630,11656,64
3022039071,20140530T000000,800000.0,2,2.25,1730,31491,2.0,1,2,4,7,1730,0,1947,1988,98070,47.373000000000005,-122.464,1400,12410,68
3025300095,20141009T000000,2500000.0,4,4.5,4300,19844,2.0,0,0,3,11,4300,0,1985,1999,98039,47.6218,-122.23700000000001,3070,19845,30
3278602660,20140520T000000,194000.0,1,1.0,820,1060,1.0,0,0,3,8,760,60,2007,0,98126,47.5472,-122.37200000000001,1770,1853,8
3365900462,20140903T000000,265000.0,4,3.0,1730,7264,2.0,0,0,3,6,1730,0,1920,0,98168,47.4738,-122.264,1500,12104,95
2695600130,20141118T000000,355000.0,2,1.0,1250,4558,1.0,0,0,3,7,1250,0,1948,0,98126,47.5318,-122.37899999999999,1180,4494,67
3278602040,20141021T000000,346500.0,3,3.25,1570,2048,2.0,0,0,3,8,1290,280,2006,0,98126,47.548,-122.375,1570,2006,9
40000669,20150319T000000,499950.0,4,2.5,2910,20067,2.0,0,0,3,9,2910,0,2001,0,98168,47.4714,-122.273,1730,21420,14
4364700585,20150408T000000,485000.0,3,1.75,2180,7318,1.0,0,0,4,7,1210,970,1967,0,98126,47.5251,-122.37,2140,7560,48
9297301190,20140513T000000,413000.0,4,1.0,1410,6000,1.0,0,0,3,7,810,600,1925,0,98126,47.566,-122.37299999999999,1500,4800,90
2525049259,20140812T000000,2187730.0,4,4.5,4240,13162,2.0,0,0,3,10,4240,0,2004,0,98039,47.6193,-122.229,3010,12163,11
40000471,20140604T000000,170000.0,2,1.0,1500,18540,1.0,0,0,3,8,1500,0,1950,0,98168,47.4727,-122.281,1700,9355,65
6404600006,20140820T000000,173250.0,3,2.0,1210,9097,1.0,0,0,4,7,1210,0,1954,0,98168,47.4849,-122.303,1360,10125,61
9358001732,20150428T000000,400000.0,3,2.5,1390,2815,2.0,0,0,3,8,1390,0,1999,0,98126,47.566,-122.366,1390,3700,16
1504800050,20150312T000000,750000.0,3,2.5,3280,6750,2.0,0,1,3,9,2440,840,2001,0,98126,47.5219,-122.38,1770,6387,14
9297300500,20141023T000000,435000.0,2,1.0,870,4000,1.0,0,2,3,7,870,0,1950,0,98126,47.5682,-122.374,1690,4000,65
8864000425,20140805T000000,242000.0,3,1.75,1580,6099,1.0,0,0,5,7,790,790,1944,0,98168,47.4807,-122.29,1330,6099,71
111000190,20150209T000000,146000.0,2,1.0,780,9750,1.0,0,0,3,6,780,0,1937,0,98168,47.4816,-122.322,1670,9750,78
1053000010,20150421T000000,465000.0,3,1.5,1280,4720,1.0,0,0,4,7,850,430,1941,0,98126,47.5509,-122.37700000000001,1280,4720,74
5215200050,20140729T000000,750000.0,3,2.5,2960,69351,2.0,1,3,4,9,2960,0,1990,0,98070,47.4,-122.42,2350,41433,25
1446400715,20150422T000000,280000.0,2,1.0,1310,6600,1.0,0,0,3,6,1310,0,1942,0,98168,47.4834,-122.33200000000001,1240,6600,73
3095000185,20141013T000000,526000.0,3,1.0,1320,5250,1.5,0,0,5,7,1320,0,1913,0,98126,47.5566,-122.37799999999999,1490,5250,102
8018600980,20141203T000000,187250.0,2,1.0,710,14700,1.0,0,0,5,6,710,0,1926,0,98168,47.4939,-122.318,1320,14700,89
3025300225,20141031T000000,1450000.0,5,2.75,3090,19865,1.0,0,0,4,9,3090,0,1953,0,98039,47.6232,-122.235,2970,19862,62
2470200020,20140514T000000,1880000.0,4,2.75,3260,19542,1.0,0,0,4,10,2170,1090,1968,0,98039,47.6245,-122.236,3480,19863,47
316000190,20150215T000000,219000.0,4,1.0,1370,5339,1.5,0,0,4,6,1370,0,1948,0,98168,47.5046,-122.3,1280,7048,67
1447600285,20140609T000000,212500.0,2,2.0,1030,21712,1.0,0,0,4,6,1030,0,1938,0,98168,47.4905,-122.331,1790,9199,77
5300200050,20140729T000000,280000.0,4,2.75,2230,10160,1.0,0,0,3,7,1400,830,1968,0,98168,47.5123,-122.32,1740,10080,47
3624039102,20141025T000000,450000.0,3,1.75,1740,6800,1.5,0,0,4,7,1740,0,1949,0,98126,47.5314,-122.37299999999999,990,6800,66
2491200050,20141023T000000,423000.0,3,1.75,1820,6038,1.0,0,0,4,7,1040,780,1952,0,98126,47.5233,-122.37799999999999,1700,6040,63
4365200425,20140624T000000,350000.0,2,1.0,740,7680,1.0,0,0,4,6,740,0,1922,0,98126,47.5245,-122.37100000000001,1080,7680,93
9284801100,20150105T000000,317000.0,3,1.5,1060,5750,1.0,0,0,2,7,1060,0,1981,0,98126,47.5532,-122.37200000000001,1060,5750,34
5238800020,20141208T000000,492500.0,2,2.25,1600,80400,2.0,0,0,4,7,1600,0,1978,0,98070,47.4422,-122.505,1600,198414,37
2695600005,20140620T000000,325000.0,2,1.0,840,4239,1.0,0,0,3,7,840,0,1948,0,98126,47.5319,-122.382,1120,4494,67
952003340,20140709T000000,380000.0,2,1.0,780,3910,1.0,0,0,3,6,780,0,1918,0,98126,47.566,-122.38,1500,5060,97
2695600410,20141106T000000,428950.0,2,1.0,1760,4441,1.0,0,0,3,8,1310,450,1950,0,98126,47.5311,-122.381,1350,5748,65
3100500065,20140708T000000,970000.0,5,2.75,3500,5040,2.0,0,2,3,9,2950,550,1927,2007,98126,47.5527,-122.37899999999999,1450,5040,88
795000620,20140924T000000,115000.0,3,1.0,1080,6250,1.0,0,0,2,5,1080,0,1950,0,98168,47.5045,-122.33,1070,6250,65
795000620,20141215T000000,124000.0,3,1.0,1080,6250,1.0,0,0,2,5,1080,0,1950,0,98168,47.5045,-122.33,1070,6250,65
795000620,20150311T000000,157000.0,3,1.0,1080,6250,1.0,0,0,2,5,1080,0,1950,0,98168,47.5045,-122.33,1070,6250,65
7347600490,20140814T000000,245000.0,3,2.0,2040,13125,1.0,0,0,3,6,810,1230,1910,0,98168,47.478,-122.27799999999999,1460,10582,105
9297800090,20140708T000000,399500.0,4,1.75,1360,4840,1.5,0,0,4,7,1360,0,1928,0,98126,47.556000000000004,-122.376,1320,4840,87
9285800180,20140626T000000,900000.0,4,3.5,3370,5000,2.0,0,2,3,8,2470,900,2008,0,98126,47.5714,-122.38,1820,5000,7
2123049498,20150120T000000,170000.0,3,1.75,1370,10780,1.0,0,0,3,7,1370,0,1959,0,98168,47.4727,-122.29799999999999,1370,10317,56
952003575,20140527T000000,480000.0,3,1.0,1150,4945,1.0,0,2,3,7,1150,0,1943,0,98126,47.5663,-122.37899999999999,1390,4945,72
7340600735,20140603T000000,285000.0,3,1.75,2880,18296,1.0,0,0,3,8,1580,1300,1958,0,98168,47.4881,-122.281,1380,9592,57
2324039077,20150427T000000,306000.0,2,1.0,930,5650,1.0,0,2,3,7,930,0,1941,0,98126,47.5478,-122.37700000000001,1340,6400,74
8150100265,20141118T000000,255000.0,2,1.0,620,4760,1.0,0,0,3,6,620,0,1941,0,98126,47.5292,-122.376,620,4760,74
2122039137,20150413T000000,462500.0,3,2.5,1656,108900,1.0,0,0,4,7,1656,0,1985,0,98070,47.3758,-122.425,2030,29859,30
3262300555,20140708T000000,2458000.0,4,5.25,6500,14986,2.0,0,0,3,11,5180,1320,2001,0,98039,47.6304,-122.236,2270,8119,14
1535204365,20141124T000000,428000.0,2,1.75,1980,44550,2.0,0,1,5,7,1280,700,1977,0,98070,47.4193,-122.444,1680,25343,38
7460000040,20141215T000000,292000.0,3,1.75,2270,7156,1.0,0,0,3,7,1370,900,1948,0,98168,47.4864,-122.316,1210,7156,67
1670400068,20140618T000000,206000.0,2,1.5,1820,8867,2.0,0,0,3,7,1820,0,1921,0,98168,47.4764,-122.26899999999999,1430,9288,94
3625049079,20140801T000000,1350000.0,3,2.0,2070,9600,1.0,0,1,3,7,1590,480,1946,0,98039,47.61600000000001,-122.23899999999999,3000,16215,69
3223039010,20140804T000000,260000.0,2,1.0,570,81893,1.0,0,1,3,6,570,0,1936,0,98070,47.4433,-122.444,2040,115434,79
3598600088,20150109T000000,311000.0,4,2.5,2090,11645,1.0,0,0,3,7,1200,890,1962,0,98168,47.4759,-122.29899999999999,1450,9481,53
952000925,20140922T000000,430000.0,3,1.75,1440,4025,1.0,0,0,4,6,720,720,1917,0,98126,47.567,-122.38,1500,5750,98
7003200120,20140627T000000,528000.0,2,0.75,840,40642,1.0,1,4,4,6,840,0,1937,0,98070,47.403999999999996,-122.447,1850,64069,78
3229200040,20140723T000000,215000.0,3,1.75,1430,13399,1.0,0,0,4,7,900,530,1946,0,98168,47.4787,-122.275,1720,6415,69
9269200650,20141027T000000,314000.0,2,1.0,720,4920,1.0,0,0,3,6,720,0,1941,0,98126,47.5352,-122.37100000000001,670,4920,74
8019200823,20150209T000000,259000.0,4,1.5,1810,9000,1.5,0,0,3,7,1810,0,1960,0,98168,47.4911,-122.322,1520,9780,55
6083000123,20150504T000000,158000.0,3,1.0,1140,10477,1.0,0,0,3,6,1140,0,1942,0,98168,47.4874,-122.306,1190,9750,73
8864000970,20141204T000000,273500.0,4,1.0,1360,6000,1.0,0,0,4,6,1020,340,1944,0,98168,47.4783,-122.285,1230,6000,71
2423400040,20140804T000000,315000.0,3,1.75,1970,8200,1.0,0,0,3,7,1270,700,1964,0,98168,47.4731,-122.32700000000001,1890,8348,51
40001065,20140529T000000,250000.0,2,1.0,1110,26051,1.0,0,0,3,6,1110,0,1951,0,98168,47.4711,-122.291,2240,12255,64
8122100265,20141205T000000,464000.0,2,2.75,730,5000,1.0,0,0,3,7,730,0,1929,0,98126,47.5381,-122.374,980,5000,86
2781600195,20141117T000000,285000.0,1,1.0,1060,54846,1.0,1,4,3,5,1060,0,1935,0,98070,47.4716,-122.445,2258,31762,80
3365900175,20150402T000000,424305.0,3,2.5,1600,5960,2.0,0,2,5,8,1600,0,1910,0,98168,47.4758,-122.265,1410,13056,105
1222029077,20141029T000000,265000.0,0,0.75,384,213444,1.0,0,0,3,4,384,0,2003,0,98070,47.4177,-122.491,1920,224341,12
1723049419,20141204T000000,306000.0,3,1.5,1250,8700,1.0,0,0,4,7,1250,0,1959,0,98168,47.4744,-122.32799999999999,1300,8700,56
5347200165,20141002T000000,265000.0,3,1.0,1070,4800,1.0,0,0,3,6,970,100,1947,0,98126,47.5187,-122.37700000000001,1120,1198,68
2492200256,20141112T000000,357500.0,3,1.0,1000,4080,1.0,0,0,4,7,740,260,1945,0,98126,47.5351,-122.381,1480,4080,70
4365200865,20140902T000000,384950.0,3,1.0,1540,7740,1.0,0,0,4,7,1540,0,1909,0,98126,47.522,-122.375,1220,7740,106
723049197,20140627T000000,195000.0,2,1.0,1020,8100,1.0,0,0,3,6,1020,0,1940,0,98168,47.4971,-122.334,1200,12500,75
7999600180,20140529T000000,83000.0,2,1.0,900,8580,1.0,0,0,3,5,900,0,1918,0,98168,47.4727,-122.27,2060,6533,97
2123049086,20140807T000000,210000.0,2,0.75,840,49658,1.0,0,0,2,6,840,0,1948,0,98168,47.4727,-122.292,1240,11000,67
2492201005,20140708T000000,325000.0,2,1.0,810,4080,1.0,0,0,4,6,810,0,1941,0,98126,47.5337,-122.37899999999999,1400,4080,74
3826000735,20140626T000000,202000.0,2,1.0,920,7569,1.0,0,0,4,6,920,0,1950,0,98168,47.4951,-122.302,1280,7627,65
1386800054,20141201T000000,283450.0,5,2.75,2770,6116,1.0,0,0,3,7,1490,1280,1979,0,98168,47.4847,-122.291,1920,6486,36
2491200330,20140918T000000,460000.0,3,2.5,1690,5131,1.0,0,0,3,7,1690,0,1941,1998,98126,47.5234,-122.38,860,5137,74
9297300750,20141105T000000,355000.0,2,1.75,1760,4600,1.0,0,0,4,7,850,910,1926,0,98126,47.5654,-122.37200000000001,1150,4800,89
3223039149,20140709T000000,395000.0,4,2.75,1970,37026,1.0,0,0,4,8,1970,0,1961,0,98070,47.4375,-122.446,1970,51836,54
3123039042,20141223T000000,383000.0,3,1.5,1400,14850,1.5,0,0,4,7,1400,0,1910,0,98070,47.4471,-122.464,1350,14850,105
5300200085,20140702T000000,262000.0,5,1.0,1870,7800,1.0,0,0,3,7,1580,290,1962,0,98168,47.5127,-122.321,1740,7808,53
1623049241,20141107T000000,335000.0,3,1.75,2390,30409,1.0,0,0,3,7,1560,830,1953,0,98168,47.4789,-122.296,1750,13500,62
2123049194,20150409T000000,199950.0,3,1.5,1370,10317,1.5,0,0,3,6,1370,0,1958,0,98168,47.4731,-122.29799999999999,1370,9884,57
1535204165,20141204T000000,510000.0,3,1.75,2060,58341,1.0,0,4,3,8,1100,960,1982,0,98070,47.4193,-122.439,1230,14904,33
2525049263,20140709T000000,2680000.0,5,3.0,4290,20445,2.0,0,0,4,11,4290,0,1985,0,98039,47.6217,-122.23899999999999,3620,22325,30
1781500385,20140806T000000,296500.0,3,1.0,1280,5100,1.0,0,0,3,7,1280,0,1948,0,98126,47.5259,-122.38,1380,7140,67
4321200600,20150504T000000,510000.0,4,2.0,2210,5572,1.5,0,3,3,7,1760,450,1911,0,98126,47.5727,-122.376,1760,4713,104
5427100150,20140626T000000,1410000.0,4,2.25,3250,16684,2.0,0,0,3,9,3250,0,1979,0,98039,47.6334,-122.229,2890,16927,36
2425049066,20140616T000000,1920000.0,4,2.5,3070,34412,1.0,0,3,4,9,2070,1000,1950,0,98039,47.64,-122.24,3780,27940,65
1446400615,20140527T000000,268000.0,4,2.0,1930,6600,1.0,0,0,4,7,1030,900,1967,0,98168,47.482,-122.33200000000001,1220,6600,48
65000210,20140626T000000,471000.0,2,1.75,1240,6417,1.0,0,0,5,7,1240,0,1924,0,98126,47.5439,-122.37899999999999,1800,6417,91
5216200090,20140616T000000,385000.0,2,1.0,830,26329,1.0,1,3,4,6,830,0,1928,0,98070,47.4012,-122.425,2030,27338,87
3223039229,20140527T000000,475000.0,4,3.5,3400,234352,2.0,0,0,3,8,2500,900,1991,0,98070,47.4335,-122.449,1300,39639,24
594000115,20140512T000000,615000.0,2,1.75,2040,28593,1.5,1,3,4,7,2040,0,1919,1990,98070,47.3979,-122.465,2040,35124,96
1670400090,20141124T000000,182000.0,3,1.0,1160,18055,1.0,0,0,2,5,1160,0,1950,0,98168,47.4772,-122.26899999999999,1340,10324,65
3388110230,20140729T000000,179000.0,4,1.75,1790,7175,1.5,0,0,3,6,1410,380,1900,0,98168,47.4963,-122.318,1790,8417,115
3625049042,20141011T000000,3635000.0,5,6.0,5490,19897,2.0,0,0,3,12,5490,0,2005,0,98039,47.6165,-122.236,2910,17600,10
2525049086,20141003T000000,2720000.0,4,3.25,3990,18115,2.0,0,0,4,11,3990,0,1989,0,98039,47.6177,-122.229,3450,16087,26
9297300590,20141103T000000,435000.0,4,1.75,2290,4400,1.0,0,3,3,7,1290,1000,1959,0,98126,47.5698,-122.375,1820,4000,56
1781500180,20150327T000000,390000.0,2,1.0,1080,4725,1.5,0,0,3,7,1080,0,1944,0,98126,47.5275,-122.381,1520,4961,71
2324039152,20140818T000000,624000.0,4,1.75,2710,9216,1.0,0,0,3,8,1440,1270,1961,0,98126,47.5523,-122.37899999999999,1960,6350,54
9297301050,20140618T000000,465000.0,3,1.75,1510,4800,1.0,0,2,3,7,860,650,1925,2011,98126,47.5667,-122.37200000000001,1510,4800,90
2525049113,20140725T000000,1950000.0,4,3.5,4065,18713,2.0,0,0,4,10,4065,0,1987,0,98039,47.6209,-122.23700000000001,3070,18713,28
5537200043,20140508T000000,211000.0,4,1.0,2100,9200,1.0,0,0,3,7,1050,1050,1959,0,98168,47.476000000000006,-122.292,1540,10033,56
7340600068,20140514T000000,215000.0,2,1.0,1240,7200,1.0,0,0,3,7,1240,0,1967,0,98168,47.4971,-122.28200000000001,1130,9200,48
6126601380,20150222T000000,490000.0,2,1.0,1760,5250,1.0,0,2,4,7,1000,760,1951,0,98126,47.5577,-122.37899999999999,1760,5400,64
293000068,20140613T000000,556000.0,3,1.75,1640,7437,1.0,0,0,3,7,1090,550,1948,0,98126,47.5324,-122.38,1640,7436,67
795002450,20150430T000000,270950.0,2,1.0,780,6250,1.0,0,0,3,6,780,0,1942,0,98168,47.5099,-122.33,1280,7100,73
1446400564,20140507T000000,185000.0,4,1.0,1490,6600,1.0,0,0,3,7,1490,0,1969,0,98168,47.4835,-122.33200000000001,1280,6600,46
9358001422,20141114T000000,335000.0,3,2.5,1090,1139,2.0,0,0,3,8,960,130,2009,0,98126,47.5664,-122.369,1400,1348,6
3278605570,20140619T000000,362500.0,3,2.5,1800,2700,2.0,0,0,3,8,1800,0,2011,0,98126,47.5458,-122.369,1380,1200,4
2858600083,20141222T000000,550000.0,5,2.5,2780,9272,2.0,0,0,3,8,2780,0,2014,0,98126,47.5168,-122.37799999999999,1150,8460,1
3278604510,20140625T000000,364000.0,3,2.5,1800,2790,2.0,0,0,3,8,1800,0,2011,0,98126,47.5455,-122.37100000000001,1580,2036,4
3278611600,20140714T000000,379900.0,3,2.5,1800,2791,2.0,0,0,3,8,1800,0,2011,0,98126,47.5442,-122.37100000000001,1580,2617,4
2923039264,20140910T000000,730000.0,2,1.75,1728,95950,1.0,0,3,3,9,1728,0,2012,0,98070,47.4579,-122.443,1720,35735,3
3278600900,20141231T000000,443000.0,3,2.5,1780,2778,2.0,0,0,3,8,1530,250,2007,0,98126,47.5487,-122.37200000000001,1380,1998,8
3277801431,20140827T000000,268500.0,3,2.25,1140,977,2.0,0,0,3,7,850,290,2008,0,98126,47.5439,-122.375,1140,976,7
3277801417,20140516T000000,341000.0,3,2.5,1480,1663,2.0,0,0,3,9,1180,300,2012,0,98126,47.5443,-122.375,1380,1537,3
2051200436,20140820T000000,692000.0,3,2.5,3490,28213,1.5,0,2,3,9,2242,1248,2009,0,98070,47.365,-122.456,2120,56628,6
3262300485,20150421T000000,2250000.0,5,5.25,3410,8118,2.0,0,0,3,11,3410,0,2006,0,98039,47.6295,-122.236,3410,16236,9
9284801500,20141211T000000,399950.0,3,3.0,1860,2875,2.0,0,0,3,8,1710,150,2009,0,98126,47.5511,-122.37299999999999,1350,4830,6
3278605590,20140926T000000,375000.0,3,2.5,1580,3825,2.0,0,0,3,8,1580,0,2011,0,98126,47.5458,-122.369,1380,1500,4
9358000552,20141029T000000,399000.0,3,3.25,1680,1478,2.0,0,0,3,8,1360,320,2009,0,98126,47.5674,-122.369,1530,2753,6
6031400094,20150226T000000,347500.0,5,3.0,2230,6551,1.0,0,0,3,7,1330,900,2014,0,98168,47.486999999999995,-122.32,2230,9476,1
9358001403,20140903T000000,380000.0,3,3.25,1450,1468,2.0,0,0,3,8,1100,350,2009,0,98126,47.5664,-122.37,1450,1478,6
3277801586,20150508T000000,380000.0,3,2.25,1520,1464,2.0,0,0,3,8,1240,280,2010,0,98126,47.543,-122.375,1710,1464,5
3278603000,20150504T000000,459000.0,3,3.0,2440,2076,2.0,0,0,3,8,1930,510,2006,0,98126,47.5476,-122.37,2440,2310,9
8150600250,20141217T000000,649000.0,4,2.5,2730,4847,2.0,0,0,3,9,2730,0,2008,0,98126,47.549,-122.374,1250,4840,7
5347200179,20140814T000000,270000.0,3,2.0,1300,1920,2.0,0,0,3,8,850,450,2006,0,98126,47.5183,-122.376,1300,1344,9
3278600670,20140523T000000,235000.0,2,1.0,1140,1730,1.5,0,0,3,8,1010,130,2007,0,98126,47.5494,-122.37200000000001,1360,1730,8
1222029064,20140626T000000,420000.0,3,1.75,1444,249126,1.5,0,0,3,7,1444,0,2008,0,98070,47.4104,-122.486,1760,224770,7
3278606200,20140919T000000,379000.0,3,2.5,1580,3075,2.0,0,0,3,8,1580,0,2013,0,98126,47.545,-122.368,1710,2934,2
3278612370,20140811T000000,349900.0,3,2.5,1580,2765,2.0,0,0,3,8,1580,0,2011,0,98126,47.5444,-122.369,1580,1820,4
3278611450,20150326T000000,496800.0,4,2.25,1850,2340,2.5,0,0,3,8,1850,0,2014,0,98126,47.543,-122.37200000000001,1850,2340,1
3278606050,20150401T000000,362500.0,3,3.5,1710,2212,2.0,0,0,3,7,1400,310,2013,0,98126,47.5459,-122.368,1580,2212,2
3277801411,20141105T000000,350000.0,3,2.5,1380,1590,2.0,0,0,3,9,1160,220,2012,0,98126,47.5444,-122.375,1380,1590,3
3277801592,20140925T000000,479950.0,3,2.0,1820,1358,3.0,0,0,3,9,1820,0,2014,0,98126,47.5433,-122.376,1710,1367,1
3278611610,20140907T000000,379900.0,3,2.5,1800,2792,2.0,0,0,3,8,1800,0,2011,0,98126,47.5442,-122.37100000000001,1580,2617,4
9358000550,20141202T000000,420000.0,3,3.5,1900,2133,2.0,0,0,3,8,1520,380,2009,0,98126,47.5675,-122.369,1530,3264,6
3277801580,20141110T000000,469950.0,3,2.0,1820,1357,3.0,0,0,3,9,1820,0,2014,0,98126,47.5432,-122.376,1710,1372,1
5288200072,20141001T000000,427000.0,2,1.5,1440,725,2.0,0,0,3,8,1100,340,2011,0,98126,47.5607,-122.37799999999999,1440,4255,4
133000271,20141201T000000,355000.0,5,2.5,2540,5100,2.0,0,0,3,7,2540,0,2014,0,98168,47.5123,-122.316,1400,9440,1
923049203,20140529T000000,350000.0,4,2.5,2040,22653,2.0,0,0,3,7,2040,0,2011,0,98168,47.4991,-122.29899999999999,2020,20502,4
3278606110,20150108T000000,375000.0,3,2.5,1580,2407,2.0,0,0,3,8,1580,0,2013,0,98126,47.5455,-122.368,1580,2212,2
7889601165,20140826T000000,268000.0,3,2.5,1700,2250,2.0,0,0,3,7,1700,0,2014,0,98168,47.4914,-122.334,1520,4500,1
6447300365,20141113T000000,2900000.0,5,4.0,5190,14600,2.0,0,1,3,11,5190,0,2013,0,98039,47.6102,-122.225,3840,19250,2
1121000357,20140827T000000,1085000.0,4,3.0,3410,6541,2.0,0,2,3,9,2680,730,2007,0,98126,47.5416,-122.38,2300,6345,8
3278612570,20140724T000000,294000.0,2,2.5,1380,889,2.0,0,0,3,7,1140,240,2012,0,98126,47.5441,-122.369,1580,1397,3
7987400285,20150429T000000,494900.0,3,2.5,2040,2500,2.0,0,0,3,7,1470,570,2008,0,98126,47.573,-122.37200000000001,1410,2500,7
4319200675,20140709T000000,760000.0,4,2.25,3300,8365,3.0,0,0,3,9,3300,0,2014,0,98126,47.5363,-122.37700000000001,1290,8369,1
3278600680,20140627T000000,235000.0,1,1.5,1170,1456,2.0,0,0,3,8,1070,100,2007,0,98126,47.5493,-122.37200000000001,1360,1730,8
7628700050,20150309T000000,775000.0,3,2.5,3020,4120,2.0,0,0,3,9,2360,660,2008,0,98126,47.5714,-122.37299999999999,2280,4120,7
9297302031,20150423T000000,448000.0,3,3.25,1560,1345,2.0,0,0,3,8,1260,300,2009,0,98126,47.5637,-122.375,1560,4800,6
3278612450,20150407T000000,391000.0,3,2.5,1800,1120,2.0,0,0,3,8,1800,0,2011,0,98126,47.5436,-122.369,1800,2380,4
6031400092,20150213T000000,334950.0,5,3.0,2230,8642,1.0,0,0,3,7,1330,900,2014,0,98168,47.486999999999995,-122.32,2100,11056,1
3278605550,20140609T000000,365000.0,3,2.5,1800,2700,2.0,0,0,3,8,1800,0,2011,0,98126,47.5458,-122.369,1580,2036,4
3278600750,20150407T000000,250000.0,1,1.5,1180,1688,2.0,0,0,3,8,1070,110,2007,0,98126,47.549,-122.37200000000001,1380,2059,8
3262300818,20150227T000000,1865000.0,4,3.75,3790,8797,2.0,0,0,3,11,3290,500,2006,0,98039,47.6351,-122.236,2660,12150,9
3874900085,20150227T000000,715000.0,4,3.25,2630,7770,2.0,0,0,3,9,2630,0,2014,0,98126,47.5459,-122.37700000000001,1370,7770,1
3277800823,20140820T000000,327000.0,2,2.0,1490,1627,2.0,0,0,3,8,1190,300,2009,0,98126,47.5455,-122.375,1400,1498,6
